antecedents,consequents,antecedent support,consequent support,support,confidence,lift,representativity,leverage,conviction,zhangs_metric,jaccard,certainty,kulczynski,antecedents_str,consequents_str
frozenset({'ASP.NET'}),frozenset({'ASP.NET Core'}),0.10465949820788531,0.1453015427769986,0.08359046283309958,0.7986896962477665,5.496773681705188,1.0,0.06838327627722732,4.245676655850353,0.9137027742999769,0.5024353690520793,0.7644662839262513,0.6869896357686709,ASP.NET,ASP.NET Core
frozenset({'ASP.NET Core'}),frozenset({'ASP.NET'}),0.1453015427769986,0.10465949820788531,0.08359046283309958,0.5752895752895753,5.4967736817051875,1.0,0.06838327627722732,2.1081199087650697,0.9571505523580729,0.5024353690520793,0.5256436809679403,0.6869896357686709,ASP.NET Core,ASP.NET
frozenset({'Cargo'}),frozenset({'Rust'}),0.10973975377902447,0.14714040829047842,0.0865825151940159,0.7889804032945187,5.362091980450039,1.0,0.07043536301727367,4.041613219931665,0.9137840615377854,0.5084187408491948,0.7525740476430578,0.6887075284847938,Cargo,Rust
frozenset({'Rust'}),frozenset({'Cargo'}),0.14714040829047842,0.10973975377902447,0.0865825151940159,0.5884346536750689,5.362091980450038,1.0,0.07043536301727367,2.163107885954311,0.9538564513143291,0.5084187408491948,0.5377022077847845,0.6887075284847938,Rust,Cargo
frozenset({'NuGet'}),frozenset({'ASP.NET Core'}),0.14452236247467665,0.1453015427769986,0.09387564282374941,0.6495579038171231,4.470412986695065,1.0,0.07287632059040228,2.4389149207034198,0.9074544869197068,0.47908382376332115,0.5899815973442875,0.6478162749458846,NuGet,ASP.NET Core
frozenset({'ASP.NET Core'}),frozenset({'NuGet'}),0.1453015427769986,0.14452236247467665,0.09387564282374941,0.646074646074646,4.470412986695065,1.0,0.07287632059040228,2.4171131794806406,0.9082817619141635,0.47908382376332115,0.586283336465499,0.6478162749458846,ASP.NET Core,NuGet
frozenset({'C#'}),frozenset({'ASP.NET Core'}),0.2753934860526726,0.1453015427769986,0.1372915692691289,0.49852874603893166,3.4309941691675507,1.0,0.09727647087493971,1.7043817576218552,0.9778262758570553,0.4844385791268008,0.4132769870786975,0.7217010954561882,C#,ASP.NET Core
frozenset({'ASP.NET Core'}),frozenset({'C#'}),0.1453015427769986,0.2753934860526726,0.1372915692691289,0.9448734448734448,3.4309941691675503,1.0,0.09727647087493971,13.144418552616488,0.8289932934908901,0.4844385791268008,0.9239220817568272,0.7217010954561882,ASP.NET Core,C#
frozenset({'ASP.NET'}),frozenset({'C#'}),0.10465949820788531,0.2753934860526726,0.09602618045815801,0.9175104228707563,3.331634440675443,1.0,0.06720363639816504,8.784219039115971,0.7816545998889343,0.33808844507845937,0.8861594871955015,0.6330988058219784,ASP.NET,C#
frozenset({'C#'}),frozenset({'NuGet'}),0.2753934860526726,0.14452236247467665,0.13115162848683184,0.47623358985966496,3.29522422485386,1.0,0.09135111127236269,1.633319015811097,0.9612534542963291,0.45418240690771716,0.3877497351591136,0.6918584382336926,C#,NuGet
frozenset({'NuGet'}),frozenset({'C#'}),0.14452236247467665,0.2753934860526726,0.13115162848683184,0.9074832866077204,3.2952242248538597,1.0,0.09135111127236269,7.8321687766287935,0.8142007271544506,0.45418240690771716,0.8723214439678569,0.6918584382336926,NuGet,C#
frozenset({'ASP.NET'}),frozenset({'Microsoft SQL Server'}),0.10465949820788531,0.24491195262583762,0.0838398005298426,0.8010720667063728,3.2708573759574917,1.0,0.05820743846290906,3.7957869207820902,0.7754253960789449,0.3155055125498475,0.7365500169345759,0.5716991791918222,ASP.NET,Microsoft SQL Server
frozenset({'Spring Boot'}),frozenset({'Java'}),0.10846189808321646,0.2915069347046907,0.09883122954651706,0.911206896551724,3.1258498103134893,1.0,0.06721383410402607,7.979145201384058,0.7628243767215905,0.32819292072034767,0.8746732920931756,0.6251212500506936,Spring Boot,Java
frozenset({'ASP.NET Core'}),frozenset({'Microsoft SQL Server'}),0.1453015427769986,0.24491195262583762,0.10995792426367461,0.7567567567567567,3.0899135327743115,1.0,0.07437183970261321,3.104250861427111,0.791350847307526,0.39234875444839856,0.6778610864135278,0.602862980058195,ASP.NET Core,Microsoft SQL Server
frozenset({'Microsoft SQL Server'}),frozenset({'ASP.NET Core'}),0.24491195262583762,0.1453015427769986,0.10995792426367461,0.4489692033596335,3.089913532774311,1.0,0.07437183970261321,1.5510901794130127,0.8957450070464477,0.39234875444839856,0.35529215949363085,0.602862980058195,Microsoft SQL Server,ASP.NET Core
frozenset({'Maven (build tool)'}),frozenset({'Java'}),0.12535452703755648,0.2915069347046907,0.10936574723390993,0.8724515166583791,2.9929014125931883,1.0,0.07282403330583558,5.55469611816323,0.7613096787165164,0.3556659233732009,0.8199721499201167,0.6238126288520164,Maven (build tool),Java
frozenset({'Java'}),frozenset({'Maven (build tool)'}),0.2915069347046907,0.12535452703755648,0.10936574723390993,0.37517374104565376,2.992901412593188,1.0,0.07282403330583558,1.3998218871693588,0.9398483861438327,0.3556659233732009,0.2856234002583402,0.6238126288520164,Java,Maven (build tool)
frozenset({'Webpack'}),frozenset({'Vite'}),0.1402524544179523,0.1937042231572386,0.0805360760479975,0.5742222222222222,2.964427996781979,1.0,0.053368583319072044,1.8937009372611828,0.7707690442881026,0.3177960890419383,0.4719335137224584,0.4949952623580942,Webpack,Vite
frozenset({'Vite'}),frozenset({'Webpack'}),0.1937042231572386,0.1402524544179523,0.0805360760479975,0.4157683024939662,2.964427996781979,1.0,0.053368583319072044,1.4715866140987128,0.8218656392225476,0.3177960890419383,0.320461337158561,0.4949952623580942,Vite,Webpack
frozenset({'NuGet'}),frozenset({'Microsoft Azure'}),0.14452236247467665,0.20087268193860058,0.08362163004519246,0.5786068578822515,2.880465637727237,1.0,0.0545910354948016,1.8963937430146927,0.7631221190059327,0.31944279080842963,0.4726833477048378,0.49744927843685893,NuGet,Microsoft Azure
frozenset({'Microsoft Azure'}),frozenset({'NuGet'}),0.20087268193860058,0.14452236247467665,0.08362163004519246,0.4162916989914663,2.8804656377272364,1.0,0.0545910354948016,1.4655910084664299,0.8169335383180516,0.31944279080842963,0.3176814034589477,0.49744927843685893,Microsoft Azure,NuGet
frozenset({'Kubernetes'}),frozenset({'Terraform'}),0.2179523141654979,0.1355462053919277,0.08368396446937822,0.383955383955384,2.8326531373208774,1.0,0.05414135532785569,1.4032324479327414,0.8272821269126265,0.3101536328982326,0.28735969477244355,0.5006693452313136,Kubernetes,Terraform
frozenset({'Terraform'}),frozenset({'Kubernetes'}),0.1355462053919277,0.2179523141654979,0.08368396446937822,0.617383306507243,2.832653137320877,1.0,0.05414135532785569,2.0439455442874097,0.748419495547001,0.3101536328982326,0.510750174927662,0.5006693452313136,Terraform,Kubernetes
frozenset({'MariaDB'}),frozenset({'PHP'}),0.18263986286426678,0.18675393486052672,0.09590151160978651,0.525085324232082,2.8116426281686167,1.0,0.0617927985574977,1.7124045784108208,0.788313490446819,0.35065527065527063,0.4160258547497931,0.5193016741320624,MariaDB,PHP
frozenset({'PHP'}),frozenset({'MariaDB'}),0.18675393486052672,0.18263986286426678,0.09590151160978651,0.5135180240320427,2.811642628168616,1.0,0.0617927985574977,1.6801447484450474,0.7923014328351599,0.35065527065527063,0.404813185932053,0.5193016741320624,PHP,MariaDB
frozenset({'Microsoft Azure'}),frozenset({'ASP.NET Core'}),0.20087268193860058,0.1453015427769986,0.08003740065451145,0.3984484096198604,2.742217336476452,1.0,0.050850290067079446,1.4208232026830654,0.79503176622392,0.3007377913104579,0.2961826650130628,0.4746424802282056,Microsoft Azure,ASP.NET Core
frozenset({'ASP.NET Core'}),frozenset({'Microsoft Azure'}),0.1453015427769986,0.20087268193860058,0.08003740065451145,0.5508365508365508,2.742217336476452,1.0,0.050850290067079446,1.779145920153889,0.743340060751242,0.3007377913104579,0.4379325559122751,0.4746424802282056,ASP.NET Core,Microsoft Azure
frozenset({'Microsoft SQL Server'}),frozenset({'NuGet'}),0.24491195262583762,0.14452236247467665,0.097054698457223,0.396284041740901,2.7420257664992036,1.0,0.061659444465450866,1.4170200834051416,0.8413669478515918,0.3319475535657179,0.2942937000603617,0.53391946318229,Microsoft SQL Server,NuGet
frozenset({'NuGet'}),frozenset({'Microsoft SQL Server'}),0.14452236247467665,0.24491195262583762,0.097054698457223,0.6715548846236791,2.7420257664992036,1.0,0.061659444465450866,2.2989778566474004,0.742633235412435,0.3319475535657179,0.5650240835906527,0.53391946318229,NuGet,Microsoft SQL Server
frozenset({'React'}),frozenset({'Next.js'}),0.3301542776998597,0.15371669004207575,0.13355150381798347,0.40451241385820824,2.6315451740958253,1.0,0.08280128104672874,1.42116028890049,0.9255789839903523,0.3812277580071174,0.2963496040452477,0.6366641550231835,React,Next.js
frozenset({'Next.js'}),frozenset({'React'}),0.15371669004207575,0.3301542776998597,0.13355150381798347,0.8688158961881588,2.6315451740958253,1.0,0.08280128104672874,5.106150080964896,0.7326094178882869,0.3812277580071174,0.8041577344685034,0.6366641550231835,Next.js,React
frozenset({'Gradle'}),frozenset({'Java'}),0.10980208820321022,0.2915069347046907,0.08193860059217703,0.746239000851547,2.5599356722251563,1.0,0.04993053043588514,2.791969875878496,0.684527761791669,0.25656289645749975,0.6418299464333049,0.513662641663879,Gradle,Java
frozenset({'Node.js'}),frozenset({'Express'}),0.3597631291880941,0.14676640174536387,0.13333333333333333,0.3706142250714719,2.5251980062472237,1.0,0.08053219338174428,1.3556607604478,0.9433874834436513,0.35727409387005177,0.26235233092556165,0.6395436808092547,Node.js,Express
frozenset({'Express'}),frozenset({'Node.js'}),0.14676640174536387,0.3597631291880941,0.13333333333333333,0.9084731365470377,2.5251980062472237,1.0,0.08053219338174428,6.995070590842848,0.7078852164267785,0.35727409387005177,0.8570421860632703,0.6395436808092547,Express,Node.js
frozenset({'Microsoft SQL Server'}),frozenset({'C#'}),0.24491195262583762,0.2753934860526726,0.1588281128253078,0.6485110715194706,2.3548526176666154,1.0,0.09138095641571135,2.0615343905134322,0.7619574641964065,0.43938610105190556,0.5149244152308579,0.6126213121291333,Microsoft SQL Server,C#
frozenset({'C#'}),frozenset({'Microsoft SQL Server'}),0.2753934860526726,0.24491195262583762,0.1588281128253078,0.5767315527387958,2.3548526176666154,1.0,0.09138095641571135,1.7839459857214168,0.7940102148516641,0.43938610105190556,0.439444911446909,0.6126213121291333,C#,Microsoft SQL Server
frozenset({'Microsoft SQL Server'}),frozenset({'Microsoft Azure'}),0.24491195262583762,0.20087268193860058,0.11407199625993455,0.4657673708322729,2.3187193317538366,1.0,0.06487587549716306,1.4958414638700517,0.7531935534147537,0.3438880015033356,0.3314799568312588,0.5168247249816912,Microsoft SQL Server,Microsoft Azure
frozenset({'Microsoft Azure'}),frozenset({'Microsoft SQL Server'}),0.20087268193860058,0.24491195262583762,0.11407199625993455,0.5678820791311094,2.3187193317538366,1.0,0.06487587549716306,1.7474120162752163,0.7116856559508283,0.3438880015033356,0.4277251211013186,0.5168247249816912,Microsoft Azure,Microsoft SQL Server
frozenset({'Express'}),frozenset({'React'}),0.14676640174536387,0.3301542776998597,0.10852423250740222,0.7394351242301975,2.2396654357524675,1.0,0.06006867714855418,2.5707445039212398,0.6487141875340525,0.294585448392555,0.6110076289282471,0.5340713806745248,Express,React
frozenset({'Next.js'}),frozenset({'Node.js'}),0.15371669004207575,0.3597631291880941,0.1216144615864111,0.7911597729115977,2.1991129960901508,1.0,0.06631286416843757,3.0656779095575915,0.644312843995082,0.3103475701900899,0.673807872352673,0.564600071849544,Next.js,Node.js
frozenset({'MySQL'}),frozenset({'PHP'}),0.32971793673055944,0.18675393486052672,0.1331151628486832,0.4037243595803006,2.16179841073664,1.0,0.07153904077015702,1.363876049954104,0.8017851105591175,0.3472357723577237,0.26679554198957367,0.558254035597894,MySQL,PHP
frozenset({'PHP'}),frozenset({'MySQL'}),0.18675393486052672,0.32971793673055944,0.1331151628486832,0.7127837116154874,2.16179841073664,1.0,0.07153904077015702,2.3337188396923234,0.660835878882627,0.3472357723577237,0.5714993670223617,0.558254035597894,PHP,MySQL
frozenset({'MySQL'}),frozenset({'MariaDB'}),0.32971793673055944,0.18263986286426678,0.12959326788218795,0.3930428206824842,2.152010051467151,1.0,0.06937362913382958,1.3466520621023084,0.7986460997248684,0.33857177754254547,0.2574176892887514,0.5512995673378291,MySQL,MariaDB
frozenset({'MariaDB'}),frozenset({'MySQL'}),0.18263986286426678,0.32971793673055944,0.12959326788218795,0.7095563139931741,2.152010051467151,1.0,0.06937362913382958,2.307786657320166,0.6549354821995432,0.33857177754254547,0.5666843827058026,0.5512995673378291,MariaDB,MySQL
frozenset({'APT'}),frozenset({'Pip'}),0.14075112981143836,0.31245130123110487,0.09328346579398472,0.662754650132861,2.1211454313728524,1.0,0.049305592134652645,2.0387195821669932,0.61513797104315,0.2591790786283339,0.5094960539217064,0.4806541330464803,APT,Pip
frozenset({'Webpack'}),frozenset({'npm'}),0.1402524544179523,0.43338008415147267,0.12853358267103007,0.9164444444444444,2.1146436533620996,1.0,0.06775096217292731,6.781355375846733,0.61309519100384,0.28877529584762973,0.8525368536853685,0.6065142035239122,Webpack,npm
frozenset({'Terraform'}),frozenset({'Amazon Web Services (AWS)'}),0.1355462053919277,0.3306841203054387,0.09465482312607137,0.698321453207634,2.111747768724499,1.0,0.049831845435301454,2.2186392993838773,0.6090072145490683,0.25473913772856904,0.5492732864338503,0.49228042500155494,Terraform,Amazon Web Services (AWS)
frozenset({'Webpack'}),frozenset({'React'}),0.1402524544179523,0.3301542776998597,0.09752220663861617,0.6953333333333334,2.1060860945907676,1.0,0.05121725885462463,2.198618344530001,0.6108602522213655,0.2615346038114343,0.5451689000558347,0.4953585386576041,Webpack,React
frozenset({'Pip'}),frozenset({'Make'}),0.31245130123110487,0.17709209911173446,0.11650303880317905,0.37286783042394017,2.1055023476156496,1.0,0.061170381997969835,1.3121761899800959,0.7636607588526257,0.31230679254741417,0.23790722035950915,0.515367389340798,Pip,Make
frozenset({'Make'}),frozenset({'Pip'}),0.17709209911173446,0.31245130123110487,0.11650303880317905,0.6578669482576558,2.1055023476156496,1.0,0.061170381997969835,2.009594499179456,0.638047052997346,0.31230679254741417,0.5023871729305025,0.515367389340798,Make,Pip
frozenset({'Vite'}),frozenset({'React'}),0.1937042231572386,0.3301542776998597,0.13246065139473273,0.6838294448913917,2.0712421164297465,1.0,0.06850837351084219,2.1186214575548963,0.6414493735646559,0.33842968625577324,0.5279949627461523,0.5425188950124853,Vite,React
frozenset({'React'}),frozenset({'Vite'}),0.3301542776998597,0.1937042231572386,0.13246065139473273,0.4012083451335788,2.0712421164297465,1.0,0.06850837351084219,1.3465380993371232,0.7721149866981969,0.33842968625577324,0.25735484165484634,0.5425188950124853,React,Vite
frozenset({'Vite'}),frozenset({'npm'}),0.1937042231572386,0.43338008415147267,0.17232351566152407,0.8896218825422364,2.052752110849885,1.0,0.08837596312914436,5.133444281339058,0.6360558164586444,0.37893221849085046,0.8051990154767686,0.6436243177543975,Vite,npm
frozenset({'npm'}),frozenset({'Vite'}),0.43338008415147267,0.1937042231572386,0.17232351566152407,0.39762675296655875,2.052752110849885,1.0,0.08837596312914436,1.3385318501669765,0.9051025287010522,0.37893221849085046,0.25291280900394425,0.6436243177543975,npm,Vite
frozenset({'Yarn'}),frozenset({'React'}),0.16135265700483092,0.3301542776998597,0.10743338008415147,0.6658296310604597,2.016722714299523,1.0,0.05416211015576831,2.0045036441316912,0.6011418464463187,0.27972084719629964,0.5011233813779475,0.4956165997273412,Yarn,React
frozenset({'Webpack'}),frozenset({'Node.js'}),0.1402524544179523,0.3597631291880941,0.10160511142278324,0.7244444444444444,2.0136706228883305,1.0,0.05114744954507018,2.323440256978691,0.5855142665559103,0.2550262066807478,0.5696037386817252,0.5034333458469299,Webpack,Node.js
frozenset({'pnpm'}),frozenset({'TypeScript'}),0.10254012778556958,0.43182172354682874,0.0887330528284245,0.8653495440729484,2.00395092902061,1.0,0.04445399811534778,4.2196535655325835,0.5582263902629644,0.19911875786823333,0.7630137203280608,0.5354174642053663,pnpm,TypeScript
frozenset({'pnpm'}),frozenset({'npm'}),0.10254012778556958,0.43338008415147267,0.08895122331307465,0.8674772036474164,2.0016545184485692,1.0,0.044512374104461745,4.275641108123062,0.5575884819020667,0.19900983195035216,0.7661169460411087,0.5363635568758477,pnpm,npm
frozenset({'Yarn'}),frozenset({'npm'}),0.16135265700483092,0.43338008415147267,0.13953560853981611,0.8647865559204172,1.9954460012014803,1.0,0.06960858046899879,4.1905590062111795,0.5948375156586301,0.30653885655597396,0.7613683524041026,0.5933785350619706,Yarn,npm
frozenset({'C#'}),frozenset({'Microsoft Azure'}),0.2753934860526726,0.20087268193860058,0.11020726196041764,0.400181077410593,1.9922125475126264,1.0,0.05488823382859669,1.3322809400736837,0.6873323895213513,0.30106428267347807,0.2494075611824835,0.4744117179139854,C#,Microsoft Azure
frozenset({'Microsoft Azure'}),frozenset({'C#'}),0.20087268193860058,0.2753934860526726,0.11020726196041764,0.5486423584173779,1.9922125475126264,1.0,0.05488823382859669,1.6053932562360007,0.6232367677060023,0.30106428267347807,0.3770996632036461,0.4744117179139854,Microsoft Azure,C#
frozenset({'Redis'}),frozenset({'Kubernetes'}),0.2279881564594047,0.2179523141654979,0.09817671809256662,0.43062200956937796,1.9757625020782914,1.0,0.048486171789913754,1.373512322179924,0.6397133629390392,0.2823086574654956,0.271939549539036,0.44053623000991415,Redis,Kubernetes
frozenset({'Kubernetes'}),frozenset({'Redis'}),0.2179523141654979,0.2279881564594047,0.09817671809256662,0.4504504504504504,1.9757625020782914,1.0,0.048486171789913754,1.4048084366066569,0.6315040650406504,0.2823086574654956,0.2881591724950626,0.44053623000991415,Kubernetes,Redis
frozenset({'PowerShell'}),frozenset({'Microsoft SQL Server'}),0.22973352033660588,0.24491195262583762,0.11089294062646096,0.4827024827024827,1.9709225194081392,1.0,0.05462845557721524,1.4596784676619332,0.6395492938371803,0.30485819552737553,0.31491761908239396,0.4677447256984035,PowerShell,Microsoft SQL Server
frozenset({'Microsoft SQL Server'}),frozenset({'PowerShell'}),0.24491195262583762,0.22973352033660588,0.11089294062646096,0.4527869686943242,1.970922519408139,1.0,0.05462845557721524,1.4076172086499885,0.6524052192963254,0.30485819552737553,0.2895795860871325,0.4677447256984035,Microsoft SQL Server,PowerShell
frozenset({'Node.js'}),frozenset({'Vite'}),0.3597631291880941,0.1937042231572386,0.13551503817983482,0.3766785064541281,1.9446065775672887,1.0,0.06582740071983778,1.2935472066846414,0.7587147614280415,0.32423564504101415,0.226931962875172,0.538138126919743,Node.js,Vite
frozenset({'Vite'}),frozenset({'Node.js'}),0.1937042231572386,0.3597631291880941,0.13551503817983482,0.699597747385358,1.9446065775672885,1.0,0.06582740071983778,2.1312652126920164,0.602455300705637,0.32423564504101415,0.5307951380030771,0.538138126919743,Vite,Node.js
frozenset({'C#'}),frozenset({'PowerShell'}),0.2753934860526726,0.22973352033660588,0.12301698613059062,0.4466953372566772,1.9444064436142299,1.0,0.05974987110194016,1.3921199865628453,0.670300674003234,0.3219412724306688,0.28167111337219747,0.4910861030334397,C#,PowerShell
frozenset({'PowerShell'}),frozenset({'C#'}),0.22973352033660588,0.2753934860526726,0.12301698613059062,0.5354768688102022,1.9444064436142299,1.0,0.05974987110194016,1.559893286888362,0.6305664955046203,0.3219412724306688,0.3589305060766199,0.4910861030334397,PowerShell,C#
frozenset({'Next.js'}),frozenset({'TypeScript'}),0.15371669004207575,0.43182172354682874,0.1279102384291725,0.8321167883211679,1.9269914942825457,1.0,0.061532032397289715,3.3843662553949767,0.5684341686906103,0.2795069127562487,0.7045237056107883,0.5641637712807571,Next.js,TypeScript
frozenset({'PowerShell'}),frozenset({'Microsoft Azure'}),0.22973352033660588,0.20087268193860058,0.08845254791958859,0.38502238502238506,1.9167483667095773,1.0,0.04230535955837853,1.2994413107060612,0.6209320033444765,0.2585170340681363,0.23043850325441595,0.4126818674530079,PowerShell,Microsoft Azure
frozenset({'Microsoft Azure'}),frozenset({'PowerShell'}),0.20087268193860058,0.22973352033660588,0.08845254791958859,0.4403413498836307,1.916748366709577,1.0,0.04230535955837853,1.3763147938537774,0.598506767966279,0.2585170340681363,0.2734220365386539,0.4126818674530079,Microsoft Azure,PowerShell
frozenset({'TypeScript'}),frozenset({'Vite'}),0.43182172354682874,0.1937042231572386,0.1599189652485585,0.3703356189101407,1.9118613568353764,1.0,0.0762732737465002,1.2805167340848762,0.8394363881339084,0.3434634178994577,0.21906526218522862,0.5979594426006858,TypeScript,Vite
frozenset({'Vite'}),frozenset({'TypeScript'}),0.1937042231572386,0.43182172354682874,0.1599189652485585,0.8255832662912308,1.9118613568353764,1.0,0.0762732737465002,3.257590394978282,0.591531710695058,0.3434634178994577,0.6930246351593055,0.5979594426006858,Vite,TypeScript
frozenset({'Kubernetes'}),frozenset({'Homebrew'}),0.2179523141654979,0.19607293127629732,0.08078541374474053,0.37065637065637064,1.8904005170099591,1.0,0.0380508646278589,1.2774055877266195,0.6022798601147776,0.24242424242424243,0.2171632803175022,0.39133676901917247,Kubernetes,Homebrew
frozenset({'Homebrew'}),frozenset({'Kubernetes'}),0.19607293127629732,0.2179523141654979,0.08078541374474053,0.41201716738197425,1.890400517009959,1.0,0.0380508646278589,1.33005190364554,0.5858884333565946,0.24242424242424243,0.24814964193570235,0.39133676901917247,Homebrew,Kubernetes
frozenset({'Node.js'}),frozenset({'React'}),0.3597631291880941,0.3301542776998597,0.2245285959170952,0.6241011868664992,1.8903319721147576,1.0,0.10575125985695867,1.7819841374764966,0.7356533351504597,0.4824537905170104,0.43882777687565727,0.6520864661794027,Node.js,React
frozenset({'React'}),frozenset({'Node.js'}),0.3301542776998597,0.3597631291880941,0.2245285959170952,0.6800717454923062,1.8903319721147576,1.0,0.10575125985695867,2.00118889717041,0.7031356230532637,0.4824537905170104,0.5002970477130096,0.6520864661794027,React,Node.js
frozenset({'Webpack'}),frozenset({'TypeScript'}),0.1402524544179523,0.43182172354682874,0.1142901667445847,0.8148888888888889,1.8870956333453626,1.0,0.053726110146151494,3.0693904490267356,0.5467711447854436,0.24965958605664484,0.6742024136039495,0.5397793415934882,Webpack,TypeScript
frozenset({'Express'}),frozenset({'TypeScript'}),0.14676640174536387,0.43182172354682874,0.11884057971014493,0.809726056487577,1.875139698477366,1.0,0.055463659149695616,2.9861065890825715,0.5469854927381687,0.2584909497661176,0.6651157719365829,0.5424667814014933,Express,TypeScript
frozenset({'Yarn'}),frozenset({'Node.js'}),0.16135265700483092,0.3597631291880941,0.107807386629266,0.6681475758161096,1.857187470333525,1.0,0.04975864984239478,1.9292818860263308,0.5503521835111237,0.26084005731091175,0.4816724257647686,0.4839048543552522,Yarn,Node.js
frozenset({'Redis'}),frozenset({'MongoDB'}),0.2279881564594047,0.1952937509739754,0.08225027271310581,0.36076555023923446,1.8472969485199229,1.0,0.03772561046050709,1.2588593266949037,0.5941210864087536,0.2411807713397916,0.20563006620805752,0.39096368798268777,Redis,MongoDB
frozenset({'MongoDB'}),frozenset({'Redis'}),0.1952937509739754,0.2279881564594047,0.08225027271310581,0.421161825726141,1.8472969485199227,1.0,0.03772561046050709,1.3337265540737164,0.5699825442637139,0.2411807713397916,0.250221121454309,0.39096368798268777,MongoDB,Redis
frozenset({'Angular'}),frozenset({'TypeScript'}),0.13445535296867694,0.43182172354682874,0.10721520959950133,0.7974038015762634,1.8466041843070669,1.0,0.049154467340470034,2.804486366840941,0.5296843243704953,0.23355285491207825,0.6434284681061114,0.522844809485353,Angular,TypeScript
frozenset({'Redis'}),frozenset({'Homebrew'}),0.2279881564594047,0.19607293127629732,0.08097241701729781,0.3551606288448394,1.8113700169268276,1.0,0.036270110884023224,1.2467090327992125,0.5802134836803442,0.23601017441860464,0.19788822115556612,0.38406576983491375,Redis,Homebrew
frozenset({'Homebrew'}),frozenset({'Redis'}),0.19607293127629732,0.2279881564594047,0.08097241701729781,0.4129709108249881,1.8113700169268274,1.0,0.036270110884023224,1.3151168447641173,0.5571794987501792,0.23601017441860464,0.23961129082841112,0.38406576983491375,Homebrew,Redis
frozenset({'Express'}),frozenset({'npm'}),0.14676640174536387,0.43338008415147267,0.11469534050179211,0.7814822679974517,1.8032260746996214,1.0,0.05108970496277747,2.593015727629461,0.522059100878586,0.2464175706441676,0.6143486561440175,0.523067635257266,Express,npm
frozenset({'Yarn'}),frozenset({'TypeScript'}),0.16135265700483092,0.43182172354682874,0.12292348449431198,0.7618311763569634,1.7642261489291353,1.0,0.0532479020476256,2.3856114656918628,0.5165213332273955,0.2613997879109226,0.5808202574554674,0.5232468765220399,Yarn,TypeScript
frozenset({'Vue.js'}),frozenset({'Node.js'}),0.12971793673055945,0.3597631291880941,0.08190743338008415,0.6314271984622777,1.7551192638536066,1.0,0.035239702550074865,1.7370703105079217,0.4943663295414858,0.20096352374397797,0.424318063609297,0.42954882404271294,Vue.js,Node.js
frozenset({'React'}),frozenset({'TypeScript'}),0.3301542776998597,0.43182172354682874,0.249680536076048,0.7562541300859059,1.7513109898091874,1.0,0.10711274684333627,2.33102729762527,0.6404447653320906,0.4873760418567865,0.5710045948330384,0.6672284724770923,React,TypeScript
frozenset({'TypeScript'}),frozenset({'React'}),0.43182172354682874,0.3301542776998597,0.249680536076048,0.5782028148682786,1.7513109898091872,1.0,0.10711274684333627,1.5880753734545592,0.7550432746306797,0.4873760418567865,0.3703069660826689,0.6672284724770923,TypeScript,React
frozenset({'jQuery'}),frozenset({'MySQL'}),0.17269752220663862,0.32971793673055944,0.0986442262739598,0.5711965349214944,1.7323793196858066,1.0,0.041702755573506944,1.563145165225577,0.511009244420067,0.2443072172906214,0.3602641506070932,0.4351870754766277,jQuery,MySQL
frozenset({'Homebrew'}),frozenset({'Amazon Web Services (AWS)'}),0.19607293127629732,0.3306841203054387,0.1121396291101761,0.571928151327293,1.729530135281451,1.0,0.04730142431536498,1.5635596729144023,0.5246847612867038,0.27046530857701273,0.3604337478619882,0.4555210973413091,Homebrew,Amazon Web Services (AWS)
frozenset({'MariaDB'}),frozenset({'SQLite'}),0.18263986286426678,0.30525167523765,0.0956210067009506,0.5235494880546075,1.7151404251819564,1.0,0.039869882596458496,1.4581752088493452,0.5101268607464985,0.24376291117114254,0.31421135544534035,0.41840125005140016,MariaDB,SQLite
"frozenset({'Slack (public channels, not work)'})",frozenset({'LinkedIn'}),0.1477325853202431,0.35053763440860214,0.08879538725261026,0.6010548523206751,1.714665683000699,1.0,0.037009556269385256,1.6279490285051432,0.4890436097238073,0.21685188004262448,0.3857301534076621,0.42718342331513437,"Slack (public channels, not work)",LinkedIn
frozenset({'Cloudflare'}),frozenset({'Amazon Web Services (AWS)'}),0.15343618513323984,0.3306841203054387,0.08648901355773726,0.5636806825106642,1.7045895097412496,1.0,0.035750103653929416,1.534004690752479,0.48826619860417075,0.2175105815958614,0.3481115109827548,0.4126131970517506,Cloudflare,Amazon Web Services (AWS)
frozenset({'Docker'}),frozenset({'Kubernetes'}),0.5427146641732897,0.2179523141654979,0.2005610098176718,0.36955148452305747,1.6955611870330758,1.0,0.08227509282955227,1.2404624114990148,0.8970870732321113,0.3580769016749207,0.1938490108768651,0.6448787023644889,Docker,Kubernetes
frozenset({'Kubernetes'}),frozenset({'Docker'}),0.2179523141654979,0.5427146641732897,0.2005610098176718,0.9202059202059202,1.6955611870330758,1.0,0.08227509282955227,5.730817837699254,0.5245521097744913,0.3580769016749207,0.8255048357283907,0.6448787023644889,Kubernetes,Docker
frozenset({'Node.js'}),frozenset({'npm'}),0.3597631291880941,0.43338008415147267,0.26420445691132927,0.7343844754396603,1.6945505857232293,1.0,0.10829028170919591,2.1332334274753912,0.6401896708208378,0.49949914560131986,0.5312280470011828,0.6720106483634836,Node.js,npm
frozenset({'npm'}),frozenset({'Node.js'}),0.43338008415147267,0.3597631291880941,0.26420445691132927,0.6096368212873067,1.6945505857232293,1.0,0.10829028170919591,1.6401056906115605,0.7233650284929402,0.49949914560131986,0.39028319594018274,0.6720106483634836,npm,Node.js
frozenset({'MongoDB'}),frozenset({'Node.js'}),0.1952937509739754,0.3597631291880941,0.11899641577060932,0.6093201404404723,1.6936703375233957,1.0,0.04873692480933153,1.6387762387693636,0.5089637696409776,0.2728897148166679,0.38978856518511124,0.4700416867843876,MongoDB,Node.js
frozenset({'Amazon Web Services (AWS)'}),frozenset({'Kubernetes'}),0.3306841203054387,0.2179523141654979,0.12195730091943276,0.36880301602262017,1.6921270941063589,1.0,0.04988393164108047,1.238991480768115,0.6111133093562635,0.2858290723155588,0.1928919483933432,0.4641812877910898,Amazon Web Services (AWS),Kubernetes
frozenset({'Kubernetes'}),frozenset({'Amazon Web Services (AWS)'}),0.2179523141654979,0.3306841203054387,0.12195730091943276,0.5595595595595595,1.6921270941063586,1.0,0.04988393164108047,1.5196512813974241,0.5230216132004526,0.2858290723155588,0.3419542942243756,0.4641812877910898,Kubernetes,Amazon Web Services (AWS)
frozenset({'Cloudflare'}),frozenset({'npm'}),0.15343618513323984,0.43338008415147267,0.11223313074645473,0.7314645541336583,1.6878130326773408,1.0,0.04573694392153031,2.110037704782375,0.48137813864751877,0.23648781769225716,0.5260748195477682,0.4952180735429169,Cloudflare,npm
frozenset({'Homebrew'}),frozenset({'Pip'}),0.19607293127629732,0.31245130123110487,0.10338164251207729,0.5272611667461453,1.687498706738162,1.0,0.042118399998601196,1.454394372547115,0.506771035716322,0.25517347488268327,0.31242858273119095,0.42906699235062873,Homebrew,Pip
frozenset({'Google Cloud'}),frozenset({'Amazon Web Services (AWS)'}),0.1873461118902914,0.3306841203054387,0.10450366214742092,0.5578106804192314,1.6868384242460923,1.0,0.042551277944335615,1.5136409905357442,0.501043555380393,0.2527132951462165,0.3393413588475455,0.4369166502944414,Google Cloud,Amazon Web Services (AWS)
frozenset({'PostgreSQL'}),frozenset({'Redis'}),0.4527037556490572,0.2279881564594047,0.17406887953872527,0.3845094664371773,1.686532635767168,1.0,0.07085778486604791,1.2543033587726116,0.743779098341433,0.3435865887419256,0.20274470046979548,0.5740045623368388,PostgreSQL,Redis
frozenset({'Redis'}),frozenset({'PostgreSQL'}),0.2279881564594047,0.4527037556490572,0.17406887953872527,0.7634996582365003,1.686532635767168,1.0,0.07085778486604791,2.3141456805937266,0.5272814278108826,0.3435865887419256,0.5678750873871363,0.5740045623368388,Redis,PostgreSQL
frozenset({'TypeScript'}),frozenset({'Node.js'}),0.43182172354682874,0.3597631291880941,0.26096306685366993,0.6043305665824612,1.6798012846572181,1.0,0.10560953233906673,1.618110515340926,0.7122614620997578,0.491806167400881,0.3819952404244118,0.664852626269659,TypeScript,Node.js
frozenset({'Node.js'}),frozenset({'TypeScript'}),0.3597631291880941,0.43182172354682874,0.26096306685366993,0.725374685956857,1.679801284657218,1.0,0.10560953233906673,2.0689217176968313,0.6320965073546191,0.491806167400881,0.5166564343897836,0.664852626269659,Node.js,TypeScript
frozenset({'Next.js'}),frozenset({'npm'}),0.15371669004207575,0.43338008415147267,0.11164095371669004,0.7262773722627737,1.6758439042827107,1.0,0.04502320165076941,2.070051425899953,0.47653747691057197,0.23480825958702062,0.5169202139192021,0.49194127512815056,Next.js,npm
frozenset({'Yarn'}),frozenset({'Amazon Web Services (AWS)'}),0.16135265700483092,0.3306841203054387,0.08888888888888889,0.5508982035928144,1.6659348597809094,1.0,0.0355321274483012,1.4903433587865564,0.4766442499725312,0.2204870506378044,0.32901368392435154,0.40985060980771726,Yarn,Amazon Web Services (AWS)
frozenset({'MongoDB'}),frozenset({'MySQL'}),0.1952937509739754,0.32971793673055944,0.10718404238740845,0.5488349824449409,1.6645590709656801,1.0,0.0427921897598976,1.485669405180868,0.496131731737824,0.2565269282410861,0.3269027439666106,0.4369564835657921,MongoDB,MySQL
frozenset({'Flask'}),frozenset({'Python'}),0.10615552438834347,0.5730403615396603,0.10119993766557582,0.9533176746917205,1.6636134881150793,1.0,0.04036853759064725,9.146066217584377,0.44627320454472885,0.1750876246966837,0.8906633763401599,0.564959718451049,Flask,Python
frozenset({'Angular'}),frozenset({'Node.js'}),0.13445535296867694,0.3597631291880941,0.08038023998753312,0.5978210477515068,1.6617073825788007,1.0,0.0320081614674322,1.591920380796866,0.46006792466202395,0.19423105889441183,0.37182788029924524,0.41062325020339785,Angular,Node.js
frozenset({'Terraform'}),frozenset({'Docker'}),0.1355462053919277,0.5427146641732897,0.12220663861617578,0.9015865716256611,1.6612533825652867,1.0,0.04864372527693199,4.646574592313935,0.46045823385088835,0.21977467630738184,0.7847877011047804,0.563381581913445,Terraform,Docker
frozenset({'Amazon Web Services (AWS)'}),frozenset({'Redis'}),0.3306841203054387,0.2279881564594047,0.1251986909770921,0.3786050895381715,1.6606349005922396,1.0,0.04980662801825514,1.242385205515807,0.5943691001253983,0.2888265746333046,0.19509666119629523,0.46387534039451295,Amazon Web Services (AWS),Redis
frozenset({'Redis'}),frozenset({'Amazon Web Services (AWS)'}),0.2279881564594047,0.3306841203054387,0.1251986909770921,0.5491455912508544,1.6606349005922396,1.0,0.04980662801825514,1.4845499272182279,0.5153038524502596,0.2888265746333046,0.32639517090960013,0.46387534039451295,Redis,Amazon Web Services (AWS)
frozenset({'Homebrew'}),frozenset({'npm'}),0.19607293127629732,0.43338008415147267,0.1410004675081814,0.7191225560324274,1.6593345710392255,1.0,0.056026364051833755,2.017320820941192,0.4942597377836929,0.2886676875957121,0.5042930258691106,0.5222365746720928,Homebrew,npm
frozenset({'NuGet'}),frozenset({'npm'}),0.14452236247467665,0.43338008415147267,0.10356864578463457,0.7166271296096614,1.653576515895432,1.0,0.04093553217358957,1.9995559739647037,0.46202287861826635,0.21834548919114263,0.4998889688408132,0.47780295710975695,NuGet,npm
frozenset({'Vue.js'}),frozenset({'npm'}),0.12971793673055945,0.43338008415147267,0.09169393797724794,0.7068716962998559,1.6310664060252338,1.0,0.035476767641002674,1.9330099096406324,0.4445733098252884,0.19451239669421488,0.4826720778757358,0.4592251325799891,Vue.js,npm
frozenset({'FastAPI'}),frozenset({'Python'}),0.10917874396135266,0.5730403615396603,0.10188561633161913,0.933200114187839,1.628506780360971,1.0,0.039321789419559605,6.391622280028076,0.43324127460419937,0.17556390977443606,0.8435451977309887,0.5554992195000981,FastAPI,Python
frozenset({'MongoDB'}),frozenset({'React'}),0.1952937509739754,0.3301542776998597,0.10462833099579243,0.535748483881264,1.6227216185528515,1.0,0.04015126370368331,1.4428509095677824,0.47688377545185423,0.24862983261739002,0.30692769892659383,0.4263279377775054,MongoDB,React
frozenset({'TypeScript'}),frozenset({'npm'}),0.43182172354682874,0.43338008415147267,0.3020102851799906,0.6993865030674846,1.6137947465602476,1.0,0.114867350290832,1.884878495577754,0.6694069925224468,0.5362479247371332,0.4694618234829617,0.6981290659889742,TypeScript,npm
frozenset({'npm'}),frozenset({'TypeScript'}),0.43338008415147267,0.43182172354682874,0.3020102851799906,0.6968716289104637,1.6137947465602474,1.0,0.114867350290832,1.8743817162707814,0.6712480458572171,0.5362479247371332,0.46649074128317214,0.6981290659889742,npm,TypeScript
frozenset({'Django'}),frozenset({'Python'}),0.09278479040049868,0.5730403615396603,0.0857098332554153,0.9237487403426267,1.6120133979056441,1.0,0.03254040341893193,5.5993781660635635,0.4184869888940247,0.1477461988932466,0.8214087403382128,0.5366595327950487,Django,Python
frozenset({'npm'}),frozenset({'React'}),0.43338008415147267,0.3301542776998597,0.23007635966962756,0.5308881697231211,1.6080002761792074,1.0,0.08699407101709367,1.4279020034621264,0.667307217717166,0.4312923580275766,0.29967182791579855,0.6138817323646286,npm,React
frozenset({'React'}),frozenset({'npm'}),0.3301542776998597,0.43338008415147267,0.23007635966962756,0.6968752950061362,1.6080002761792074,1.0,0.08699407101709367,1.8692633972542672,0.5644726046016227,0.4312923580275766,0.465029914206374,0.6138817323646286,React,npm
frozenset({'Maven (build tool)'}),frozenset({'npm'}),0.12535452703755648,0.43338008415147267,0.08698768895122332,0.6939333664843362,1.6012119427292288,1.0,0.032661533474919034,1.8512959395148478,0.42928600034168407,0.18439482029598311,0.45983784728547455,0.44732626612602283,Maven (build tool),npm
frozenset({'Vue.js'}),frozenset({'TypeScript'}),0.12971793673055945,0.43182172354682874,0.08907589216144615,0.6866890917827967,1.5902143276687861,1.0,0.033060869147517484,1.8134647136488486,0.4264754667357626,0.188534863777294,0.4485693642266062,0.4464842066636827,Vue.js,TypeScript
frozenset({'Terraform'}),frozenset({'PostgreSQL'}),0.1355462053919277,0.4527037556490572,0.09724170172978028,0.7174063002989194,1.5847147087842224,1.0,0.03587942548487613,1.9366894765518723,0.4268262736386295,0.19804494096737343,0.4836549627044891,0.4661041828516972,Terraform,PostgreSQL
frozenset({'Pip'}),frozenset({'Python'}),0.31245130123110487,0.5730403615396603,0.28249961040984883,0.904139650872818,1.5777940116531255,1.0,0.10345240378883919,4.453975416820923,0.5326222054270667,0.4684964077117899,0.7754814729727983,0.698561721444241,Pip,Python
frozenset({'Python'}),frozenset({'Pip'}),0.5730403615396603,0.31245130123110487,0.28249961040984883,0.49298379201566406,1.5777940116531253,1.0,0.10345240378883919,1.3560684805368919,0.8577009892489301,0.4684964077117899,0.2625741145431814,0.698561721444241,Python,Pip
frozenset({'Angular'}),frozenset({'npm'}),0.13445535296867694,0.43338008415147267,0.09175627240143369,0.6824292999536393,1.5746669607344492,1.0,0.033486000217252516,1.784232348153684,0.42163634394183486,0.19273322422258593,0.4395348783835268,0.4470758509836517,Angular,npm
frozenset({'Google Cloud'}),frozenset({'Pip'}),0.1873461118902914,0.31245130123110487,0.09194327567399097,0.49076692729995014,1.5706989388946535,1.0,0.033406739233281246,1.3501650533485232,0.4471039401546837,0.22543175913189673,0.25934981243966004,0.3925156332260349,Google Cloud,Pip
frozenset({'Kubernetes'}),frozenset({'Pip'}),0.2179523141654979,0.31245130123110487,0.10690353747857254,0.4904904904904904,1.569814203230662,1.0,0.03880405331123214,1.3494325148725466,0.4641429742628758,0.2524286134824845,0.2589477510148407,0.4163175644472402,Kubernetes,Pip
frozenset({'jQuery'}),frozenset({'Node.js'}),0.17269752220663862,0.3597631291880941,0.09742870500233754,0.5641580942068218,1.5681376117669479,1.0,0.03529850401024686,1.4689658389932798,0.4379303505337605,0.22395758704685484,0.3192489753980079,0.41748578711900475,jQuery,Node.js
frozenset({'Homebrew'}),frozenset({'Docker'}),0.19607293127629732,0.5427146641732897,0.16677575190899174,0.8505801939278335,1.5672695987006566,1.0,0.06036409685790352,3.0604064337083354,0.45022452449359884,0.2915599629488367,0.673246014324873,0.5789396691226487,Homebrew,Docker
frozenset({'Make'}),frozenset({'Bash/Shell (all shells)'}),0.17709209911173446,0.48290478416705623,0.13342683496961197,0.7534318901795143,1.560207964141585,1.0,0.04790821307036891,2.0971698903374643,0.43633048430689203,0.25338857650192365,0.5231669095539578,0.5148661968000966,Make,Bash/Shell (all shells)
frozenset({'pnpm'}),frozenset({'Docker'}),0.10254012778556958,0.5427146641732897,0.08680068567866604,0.8465045592705167,1.5597598796413328,1.0,0.031150654663234432,2.9791460492472805,0.39987935517680073,0.15543029355954907,0.6643333413436838,0.5032212683218718,pnpm,Docker
frozenset({'Elasticsearch'}),frozenset({'PostgreSQL'}),0.13545270375564905,0.4527037556490572,0.09549633785257909,0.7050161067648413,1.5573453897108387,1.0,0.034176390149577615,1.8553428065126347,0.4139526951948681,0.19383817296134628,0.4610160470130941,0.4579813752412847,Elasticsearch,PostgreSQL
frozenset({'Cloudflare'}),frozenset({'Node.js'}),0.15343618513323984,0.3597631291880941,0.08589683652797257,0.5598212472069876,1.5560828828412194,1.0,0.030696154433754487,1.4544929003262632,0.42213085781392923,0.20102115244347193,0.3124751590223053,0.39929033425063926,Cloudflare,Node.js
frozenset({'npm'}),frozenset({'Pip'}),0.43338008415147267,0.31245130123110487,0.21028517999064983,0.48522114347357065,1.5529496646732683,1.0,0.07487500876987646,1.335619538471848,0.6284003011239319,0.3926555316300995,0.251283789136424,0.5791192999163365,npm,Pip
frozenset({'Pip'}),frozenset({'npm'}),0.31245130123110487,0.43338008415147267,0.21028517999064983,0.6730174563591023,1.5529496646732683,1.0,0.07487500876987646,1.7328751239723876,0.5178747721864496,0.3926555316300995,0.42292437223772256,0.5791192999163365,Pip,npm
frozenset({'APT'}),frozenset({'Docker'}),0.14075112981143836,0.5427146641732897,0.1185912420134019,0.8425597874224978,1.5524912869379683,1.0,0.04220353986577602,2.9045015141960957,0.4141687165148499,0.20994261752372545,0.6557068415656244,0.5305373450407154,APT,Docker
frozenset({'Yarn'}),frozenset({'Docker'}),0.16135265700483092,0.5427146641732897,0.1355462053919277,0.8400618118601506,1.5478885449682955,1.0,0.047977752332082874,2.8591379028682105,0.422058993380543,0.23841894632969685,0.6502442225690385,0.5449088706690635,Yarn,Docker
frozenset({'Kubernetes'}),frozenset({'PostgreSQL'}),0.2179523141654979,0.4527037556490572,0.152625837618825,0.7002717002717003,1.5468652325795182,1.0,0.0539580064437009,1.8259745404323202,0.45205845877003137,0.29462727874375794,0.4523472382242314,0.5187072787072787,Kubernetes,PostgreSQL
frozenset({'APT'}),frozenset({'Bash/Shell (all shells)'}),0.14075112981143836,0.48290478416705623,0.10506467196509273,0.7464570416297609,1.5457644366006764,1.0,0.03709527800223077,2.0394777246301965,0.41090644343102284,0.2025963098743915,0.5096783907353913,0.48201256625182376,APT,Bash/Shell (all shells)
frozenset({'LinkedIn'}),frozenset({'Medium'}),0.35053763440860214,0.2757674925977871,0.149290945924887,0.42589134880412555,1.5443856155493185,1.0,0.05262406142286702,1.2614903222475902,0.5427463396424671,0.3129696177719699,0.20728682387487063,0.4836283145467283,LinkedIn,Medium
frozenset({'Medium'}),frozenset({'LinkedIn'}),0.2757674925977871,0.35053763440860214,0.149290945924887,0.541365280289331,1.5443856155493183,1.0,0.05262406142286702,1.4160776270952904,0.4867129244510793,0.3129696177719699,0.2938240242865527,0.4836283145467283,Medium,LinkedIn
frozenset({'Make'}),frozenset({'Docker'}),0.17709209911173446,0.5427146641732897,0.14813775907745053,0.8365012319605772,1.541327860073228,1.0,0.052027279980282615,2.796873281127414,0.4267898855190531,0.2591320466688474,0.6424578808243675,0.5547291090601715,Make,Docker
frozenset({'Cargo'}),frozenset({'Docker'}),0.10973975377902447,0.5427146641732897,0.09169393797724794,0.8355580800908833,1.5395900189350478,1.0,0.03213656435860517,2.7808318954159708,0.3936786293872164,0.16351711871943084,0.6403953789337506,0.5022561548447295,Cargo,Docker
frozenset({'APT'}),frozenset({'npm'}),0.14075112981143836,0.43338008415147267,0.09384447561165654,0.66674047829938,1.538465893292744,1.0,0.03284573912956053,1.7002362391840196,0.4073346524554272,0.1953926022063595,0.411846438186777,0.44164064547834875,APT,npm
frozenset({'Webpack'}),frozenset({'Docker'}),0.1402524544179523,0.5427146641732897,0.11662770765155057,0.8315555555555556,1.5322150117728135,1.0,0.04051064395263196,2.7147546322166183,0.4040140445348118,0.2059325298552639,0.631642584514722,0.5232262358263622,Webpack,Docker
frozenset({'Maven (build tool)'}),frozenset({'Docker'}),0.12535452703755648,0.5427146641732897,0.10416082281439926,0.8309298856290404,1.5310621593296823,1.0,0.03612908277061022,2.7047082657279846,0.39657056994081,0.18471231968164484,0.6302743579885333,0.5114277292384564,Maven (build tool),Docker
frozenset({'Redis'}),frozenset({'Docker'}),0.2279881564594047,0.5427146641732897,0.1890914757674926,0.8293916609706083,1.528227843693905,1.0,0.06535895999913935,2.6803223009394115,0.4477228078676552,0.3251165532393762,0.6269105399565137,0.5889047548521565,Redis,Docker
frozenset({'Pip'}),frozenset({'Docker'}),0.31245130123110487,0.5427146641732897,0.25856319152251833,0.8275311720698255,1.5247997275518492,1.0,0.08899128850437185,2.6514086128760974,0.5005844223827188,0.4333925399644761,0.6228419885401003,0.6519784155301175,Pip,Docker
frozenset({'Docker'}),frozenset({'Pip'}),0.5427146641732897,0.31245130123110487,0.25856319152251833,0.47642565899040945,1.5247997275518492,1.0,0.08899128850437185,1.3131825701066986,0.7526507877428283,0.4333925399644761,0.2384912633140203,0.6519784155301175,Docker,Pip
frozenset({'Cloudflare'}),frozenset({'Docker'}),0.15343618513323984,0.5427146641732897,0.1269128876422004,0.8271379240300629,1.5240751330904823,1.0,0.04364081995558344,2.645376860487537,0.4061883609931765,0.22295225580376696,0.621982026479319,0.5304930991539507,Cloudflare,Docker
frozenset({'Redis'}),frozenset({'npm'}),0.2279881564594047,0.43338008415147267,0.15056880162069503,0.6604237867395762,1.5238904852599282,1.0,0.0517632751887791,1.668608971188397,0.4453103514034771,0.29477088290926834,0.4006984157062323,0.5039263845600075,Redis,npm
frozenset({'Elasticsearch'}),frozenset({'Docker'}),0.13545270375564905,0.5427146641732897,0.11185912420134018,0.8258168430740911,1.521640924024132,1.0,0.03834695557122901,2.625313169752817,0.3965251322554282,0.1975233902036323,0.6190930622977244,0.515963610189202,Elasticsearch,Docker
frozenset({'Terraform'}),frozenset({'npm'}),0.1355462053919277,0.43338008415147267,0.08907589216144615,0.6571625661071511,1.5163654033475686,1.0,0.030332866262279733,1.6527364279176695,0.39392313218927305,0.18563263185242918,0.3949428456296998,0.43135007125925695,Terraform,npm
frozenset({'Redis'}),frozenset({'SQLite'}),0.2279881564594047,0.30525167523765,0.10543867851020726,0.4624743677375256,1.5150592290033191,1.0,0.03584491181663052,1.2924933864792956,0.44035567659953095,0.24646655981349264,0.2263016503906737,0.40394496414239967,Redis,SQLite
frozenset({'Rust'}),frozenset({'Discord'}),0.14714040829047842,0.3664017453638772,0.08159576125915537,0.5545435289133658,1.5134849545070892,1.0,0.027683258847970564,1.4223572801412911,0.39780668483257536,0.18890251821920773,0.29694176423755925,0.3886191615305175,Rust,Discord
frozenset({'Gradle'}),frozenset({'Docker'}),0.10980208820321022,0.5427146641732897,0.09004207573632539,0.8200397388589271,1.5109960960942213,1.0,0.03045087231159422,2.541035075895112,0.37989857871512284,0.16008200808998724,0.6064595843299261,0.49297513273848553,Gradle,Docker
frozenset({'Vite'}),frozenset({'Docker'}),0.1937042231572386,0.5427146641732897,0.15854760791647188,0.8185036202735317,1.5081656610851815,1.0,0.053421485496743165,2.519528689860819,0.4178899062003398,0.27436492098592313,0.6031003718972373,0.55532083902323,Vite,Docker
frozenset({'Yarn'}),frozenset({'PostgreSQL'}),0.16135265700483092,0.4527037556490572,0.10992675705158174,0.6812825960981264,1.504919249281128,1.0,0.036881803241540626,1.7171834284877765,0.4000638915855174,0.21805255023183925,0.41765103051300595,0.46205265777367593,Yarn,PostgreSQL
frozenset({'SQLite'}),frozenset({'MySQL'}),0.30525167523765,0.32971793673055944,0.1509116409537167,0.49438431692873186,1.4994159002418341,1.0,0.05026468841081194,1.325674985391943,0.4794162438998512,0.31176356963492374,0.24566729325110953,0.4760417661777604,SQLite,MySQL
frozenset({'MySQL'}),frozenset({'SQLite'}),0.32971793673055944,0.30525167523765,0.1509116409537167,0.457699215426789,1.4994159002418341,1.0,0.05026468841081194,1.2811125200733662,0.4969156278606706,0.31176356963492374,0.21942843869582002,0.4760417661777604,MySQL,SQLite
"frozenset({'Slack (public channels, not work)'})",frozenset({'Discord'}),0.1477325853202431,0.3664017453638772,0.08106591865357644,0.5487341772151899,1.497629812516959,1.0,0.026936441545121467,1.4040466231768218,0.3898755763585592,0.18718963655991366,0.28777293895171274,0.3849914506354956,"Slack (public channels, not work)",Discord
frozenset({'Make'}),frozenset({'SQLite'}),0.17709209911173446,0.30525167523765,0.08081658095683342,0.4563533966913059,1.495007017851802,1.0,0.02675892103162452,1.277941075202225,0.4023619392898459,0.20127299542032137,0.21749130738147907,0.36055366383472787,Make,SQLite
frozenset({'FastAPI'}),frozenset({'Docker'}),0.10917874396135266,0.5427146641732897,0.08779803646563815,0.8041678561233229,1.4817507416135538,1.0,0.028545131101791056,2.335088238193828,0.3649695796438881,0.15564395822973645,0.5717506586502735,0.48297177047824674,FastAPI,Docker
frozenset({'Redis'}),frozenset({'Pip'}),0.2279881564594047,0.31245130123110487,0.10534517687392862,0.46206425153793573,1.4788360609071989,1.0,0.0341099807229069,1.2781242011421774,0.41941393363321255,0.24212034383954154,0.2176034229644002,0.399610679384928,Redis,Pip
frozenset({'Redis'}),frozenset({'MySQL'}),0.2279881564594047,0.32971793673055944,0.1111111111111111,0.4873547505126452,1.4780959608846036,1.0,0.035939326564312216,1.3074968780842553,0.4189753587139127,0.24879614767255218,0.23517981819948952,0.4121715618524092,Redis,MySQL
frozenset({'Elasticsearch'}),frozenset({'npm'}),0.13545270375564905,0.43338008415147267,0.08652018076983013,0.6387482742751955,1.4738754678259365,1.0,0.02781767661766245,1.5684905441259231,0.37189015288974525,0.1793861066235864,0.3624443553421149,0.4191943456956704,Elasticsearch,npm
frozenset({'Vite'}),frozenset({'Pip'}),0.1937042231572386,0.31245130123110487,0.08904472494935328,0.4596942880128721,1.4712509956002995,1.0,0.028521588369913767,1.272517916274176,0.3972566042295157,0.2134797877904805,0.21415644745661838,0.37234090959247096,Vite,Pip
frozenset({'Google Cloud'}),frozenset({'npm'}),0.1873461118902914,0.43338008415147267,0.11940158952781674,0.6373315588088505,1.4706064771220402,1.0,0.03820951579135104,1.5623634468649075,0.39378195268463373,0.23817221013366494,0.35994406294730297,0.45642198220917174,Google Cloud,npm
frozenset({'Homebrew'}),frozenset({'React'}),0.19607293127629732,0.3301542776998597,0.09499766245909304,0.4845016690510253,1.4675008072785942,1.0,0.030263345457072863,1.2994139497348698,0.3962665049370575,0.22029488291413707,0.23042229906486822,0.386119426992236,Homebrew,React
frozenset({'Hacker News'}),frozenset({'Reddit'}),0.18447872837774662,0.5059685211157862,0.13673055945145707,0.7411724953539449,1.4648589080590935,1.0,0.04339013007684779,1.908728670702129,0.3891258370201885,0.24693234267702355,0.47609106765701364,0.5057039019827505,Hacker News,Reddit
frozenset({'Next.js'}),frozenset({'PostgreSQL'}),0.15371669004207575,0.4527037556490572,0.10185444911952626,0.6626115166261152,1.4636757666746234,1.0,0.03226632623153654,1.6221544934728667,0.3743292294298039,0.20186546420408918,0.3835359060904844,0.44380145538706794,Next.js,PostgreSQL
frozenset({'Go'}),frozenset({'PostgreSQL'}),0.1625370110643603,0.4527037556490572,0.10765155056880162,0.6623202301054649,1.4630323292897653,1.0,0.03407043522799334,1.6207552040262159,0.3779129454929899,0.21208399852634166,0.3830036778436129,0.45005856599937616,Go,PostgreSQL
frozenset({'PHP'}),frozenset({'SQLite'}),0.18675393486052672,0.30525167523765,0.08337229234844944,0.4464285714285715,1.4624934362145923,1.0,0.026365340875050693,1.2550292318287615,0.3888567815122831,0.20402715277248115,0.20320581016041075,0.35977748767466966,PHP,SQLite
frozenset({'Docker'}),frozenset({'npm'}),0.5427146641732897,0.43338008415147267,0.3437120149602618,0.6333199333831045,1.4613498786477461,1.0,0.10851028813060329,1.5452705708176047,0.6903811550473881,0.5435189748644652,0.3528641398568157,0.7132079710065469,Docker,npm
frozenset({'npm'}),frozenset({'Docker'}),0.43338008415147267,0.5427146641732897,0.3437120149602618,0.7930960086299892,1.4613498786477461,1.0,0.10851028813060329,2.210132983896561,0.5571656934463848,0.5435189748644652,0.5475385385014451,0.7132079710065469,npm,Docker
frozenset({'Make'}),frozenset({'npm'}),0.17709209911173446,0.43338008415147267,0.11179678977715443,0.6312917986624428,1.4566700726418178,1.0,0.03504860096155002,1.5367705784493233,0.3809694243947429,0.22418749999999998,0.3492847832829745,0.4446282797699125,Make,npm
frozenset({'Vite'}),frozenset({'SQLite'}),0.1937042231572386,0.30525167523765,0.08608383980052985,0.44440868865647626,1.4558763299513007,1.0,0.026955301181175166,1.2504665040249074,0.3883543490302848,0.20850003774439493,0.20029845119299447,0.36320904108135227,Vite,SQLite
frozenset({'Hacker News'}),frozenset({'Pip'}),0.18447872837774662,0.31245130123110487,0.08387096774193549,0.4546376077040041,1.455067096576855,1.0,0.02623034901084901,1.260718943002816,0.38349271791940515,0.20304836640760585,0.20680179706178473,0.361533267692401,Hacker News,Pip
frozenset({'Cloudflare'}),frozenset({'PostgreSQL'}),0.15343618513323984,0.4527037556490572,0.10101293439301855,0.6583384115376802,1.454236690821788,1.0,0.031551797130736844,1.6018664749938711,0.36896690411884353,0.1999753193064725,0.37572824226574436,0.4407354708290811,Cloudflare,PostgreSQL
frozenset({'Redis'}),frozenset({'React'}),0.2279881564594047,0.3301542776998597,0.10920991117344553,0.47901572112098423,1.4508844909059548,1.0,0.03393864605346816,1.2857311620639007,0.40253949347697454,0.24326575951124685,0.22223243123798528,0.40490010071908744,Redis,React
frozenset({'Vite'}),frozenset({'PostgreSQL'}),0.1937042231572386,0.4527037556490572,0.1270687237026648,0.6559935639581658,1.4490570395592255,1.0,0.03937809439429983,1.590947688793784,0.38434536031793853,0.24467382824221337,0.371443821161603,0.46834101605825673,Vite,PostgreSQL
frozenset({'MongoDB'}),frozenset({'npm'}),0.1952937509739754,0.43338008415147267,0.12258064516129032,0.6276731567187998,1.4483202612961301,1.0,0.03794422292993212,1.5218347161195334,0.3846682897123195,0.2422096317280453,0.3428984176745154,0.4552605265794646,MongoDB,npm
frozenset({'Kubernetes'}),frozenset({'npm'}),0.2179523141654979,0.43338008415147267,0.13673055945145707,0.6273416273416274,1.4475552760342405,1.0,0.04227436719740538,1.5204808409550084,0.3953468559612183,0.2657016534431591,0.3423133175608423,0.4714198248178831,Kubernetes,npm
frozenset({'Cloudflare'}),frozenset({'TypeScript'}),0.15343618513323984,0.43182172354682874,0.09590151160978651,0.6250253910217347,1.4474153497605455,1.0,0.029644433691100577,1.515244666835841,0.36513881718894736,0.19597477867651744,0.34004057437917484,0.42355564029614345,Cloudflare,TypeScript
frozenset({'Docker'}),frozenset({'Amazon Web Services (AWS)'}),0.5427146641732897,0.3306841203054387,0.25934237182484027,0.4778613679434905,1.4450689906189342,1.0,0.07987525052583436,1.2818738905764842,0.6735215255983433,0.42234290934930463,0.21989206009158985,0.63106074994724,Docker,Amazon Web Services (AWS)
frozenset({'Amazon Web Services (AWS)'}),frozenset({'Docker'}),0.3306841203054387,0.5427146641732897,0.25934237182484027,0.7842601319509895,1.445068990618934,1.0,0.07987525052583436,2.119614422508254,0.46015868794313824,0.42234290934930463,0.5282160805375885,0.63106074994724,Amazon Web Services (AWS),Docker
frozenset({'Amazon Web Services (AWS)'}),frozenset({'Pip'}),0.3306841203054387,0.31245130123110487,0.14876110331930809,0.4498586239396795,1.4397719649979668,1.0,0.04543841963341054,1.2497672938046904,0.45635487939410835,0.3009078300340436,0.19985104030392645,0.4629841748127325,Amazon Web Services (AWS),Pip
frozenset({'Pip'}),frozenset({'Amazon Web Services (AWS)'}),0.31245130123110487,0.3306841203054387,0.14876110331930809,0.4761097256857855,1.4397719649979668,1.0,0.04543841963341054,1.2775879082136286,0.4442529934264948,0.3009078300340436,0.21727499644369863,0.4629841748127325,Pip,Amazon Web Services (AWS)
frozenset({'Express'}),frozenset({'JavaScript'}),0.14676640174536387,0.6544491195262584,0.13810191678354372,0.9409641112762795,1.437795671506783,1.0,0.04205077438525322,5.853234158816012,0.3568669613731743,0.20826283135927806,0.8291542807161025,0.5759921042141947,Express,JavaScript
frozenset({'Webpack'}),frozenset({'JavaScript'}),0.1402524544179523,0.6544491195262584,0.13140096618357489,0.936888888888889,1.4315687208305554,1.0,0.039612870878349304,5.475278035675492,0.3506443255089754,0.19810168217272814,0.8173608730946156,0.5688349578266714,Webpack,JavaScript
frozenset({'SQLite'}),frozenset({'Pip'}),0.30525167523765,0.31245130123110487,0.1364188873305283,0.4469062691443741,1.430322957156832,1.0,0.041042604199549915,1.243096170526594,0.4330448700613616,0.28344773993006084,0.1955570102219965,0.4417573739736833,SQLite,Pip
frozenset({'Pip'}),frozenset({'SQLite'}),0.31245130123110487,0.30525167523765,0.1364188873305283,0.43660847880299253,1.430322957156832,1.0,0.041042604199549915,1.2331536748835974,0.4375794740950958,0.28344773993006084,0.18907106197093063,0.4417573739736833,Pip,SQLite
frozenset({'jQuery'}),frozenset({'HTML/CSS'}),0.17269752220663862,0.6137447405329594,0.15156615240766713,0.8776394152680022,1.4299746414215848,1.0,0.045573956450268724,3.156696744405416,0.3634546102075716,0.23873343151693666,0.6832131557228959,0.5622962463299181,jQuery,HTML/CSS
frozenset({'Vite'}),frozenset({'Amazon Web Services (AWS)'}),0.1937042231572386,0.3306841203054387,0.09156926912887642,0.4727272727272727,1.4295433124839345,1.0,0.02751435849467658,1.269392185627616,0.3726621272040675,0.21156477280910202,0.21222139908985074,0.3748179247707994,Vite,Amazon Web Services (AWS)
frozenset({'Google Cloud'}),frozenset({'Node.js'}),0.1873461118902914,0.3597631291880941,0.0963378525790868,0.514223922808185,1.429340254985759,1.0,0.028937629124212758,1.3179670652227282,0.3696241742047316,0.2137177625665491,0.2412556987294623,0.39100263107402233,Google Cloud,Node.js
frozenset({'MongoDB'}),frozenset({'PostgreSQL'}),0.1952937509739754,0.4527037556490572,0.12635187782452859,0.6469837216725183,1.4291547476669706,1.0,0.03794166330381821,1.5503427970628423,0.3731618961059661,0.24221784071219452,0.35498136160949595,0.46304435653333315,MongoDB,PostgreSQL
frozenset({'Microsoft SQL Server'}),frozenset({'SQL'}),0.24491195262583762,0.5805828268661368,0.20311672120928784,0.829345889539323,1.4284712725933637,1.0,0.06092504742047364,2.4577033157985806,0.39723966121948995,0.3263558515699334,0.593116063451674,0.5895977890900395,Microsoft SQL Server,SQL
frozenset({'jQuery'}),frozenset({'JavaScript'}),0.17269752220663862,0.6544491195262584,0.16141499142901666,0.9346688323407326,1.4281764685042577,1.0,0.04839325007651557,5.289219416312152,0.3623903277144763,0.24246254681647936,0.810936185230667,0.5906556848626227,jQuery,JavaScript
frozenset({'npm'}),frozenset({'Amazon Web Services (AWS)'}),0.43338008415147267,0.3306841203054387,0.20464391460183887,0.4722042430780295,1.4279616530780939,1.0,0.061332002716312145,1.268134256322779,0.5289279004050268,0.3658142514903337,0.21143995991425266,0.5455271922270449,npm,Amazon Web Services (AWS)
frozenset({'Amazon Web Services (AWS)'}),frozenset({'npm'}),0.3306841203054387,0.43338008415147267,0.20464391460183887,0.6188501413760603,1.4279616530780939,1.0,0.061332002716312145,1.4866066535986338,0.4477722574790867,0.3658142514903337,0.32732710594339354,0.5455271922270449,Amazon Web Services (AWS),npm
frozenset({'Homebrew'}),frozenset({'PostgreSQL'}),0.19607293127629732,0.4527037556490572,0.12657004830917876,0.6455253536798602,1.4259332855640836,1.0,0.03780709593927947,1.5439644274492297,0.37155723438085614,0.24237541032527607,0.35231668410127076,0.4625561363924258,Homebrew,PostgreSQL
frozenset({'MongoDB'}),frozenset({'Amazon Web Services (AWS)'}),0.1952937509739754,0.3306841203054387,0.0918809412498052,0.47047558250877747,1.4227341248627827,1.0,0.02730039900782673,1.2639943647275829,0.36923782581411757,0.21165996553704763,0.2088572323536263,0.3741633331959533,MongoDB,Amazon Web Services (AWS)
frozenset({'Webpack'}),frozenset({'HTML/CSS'}),0.1402524544179523,0.6137447405329594,0.12239364188873306,0.8726666666666667,1.421872333942718,1.0,0.0363144356428762,3.033418268065765,0.34510360573118465,0.19378238341968912,0.6703389009924958,0.5360438756855576,Webpack,HTML/CSS
frozenset({'Hacker News'}),frozenset({'Discord'}),0.18447872837774662,0.3664017453638772,0.09596384603397226,0.5201892211522217,1.4197236441535412,1.0,0.02837051797385727,1.320516925771553,0.36251361848752534,0.2109482049876678,0.24272080085931586,0.3910490168367437,Hacker News,Discord
frozenset({'Go'}),frozenset({'Docker'}),0.1625370110643603,0.5427146641732897,0.12516752376499923,0.7700862895493769,1.4189524263591429,1.0,0.036956304389474656,1.988943308036943,0.3525585506874623,0.2157747689662583,0.49722046075461807,0.5003592878861569,Go,Docker
frozenset({'Redis'}),frozenset({'Node.js'}),0.2279881564594047,0.3597631291880941,0.11637836995480755,0.510457963089542,1.4188723681649447,1.0,0.03435663736914732,1.3078281792764848,0.3823969485522837,0.24689235651943933,0.23537356370986062,0.41697202927932875,Redis,Node.js
frozenset({'Express'}),frozenset({'PostgreSQL'}),0.14676640174536387,0.4527037556490572,0.09424964936886396,0.6421745593544277,1.4185315481505552,1.0,0.027807948095639398,1.529506240147531,0.3457970248338638,0.18655151141270823,0.34619423330790505,0.42518366521938256,Express,PostgreSQL
frozenset({'MongoDB'}),frozenset({'TypeScript'}),0.1952937509739754,0.43182172354682874,0.11958859280037401,0.6123523779125438,1.4180675601099941,1.0,0.03525650865686679,1.4657081433740513,0.3663634784456008,0.23563006632277086,0.31773593227229663,0.444646055430469,MongoDB,TypeScript
frozenset({'PostgreSQL'}),frozenset({'Amazon Web Services (AWS)'}),0.4527037556490572,0.3306841203054387,0.21215521271622254,0.4686402753872633,1.4171840938548863,1.0,0.062453269520445776,1.25962855047467,0.5378720836416216,0.3713989524225229,0.2061151681397133,0.5551024185607382,PostgreSQL,Amazon Web Services (AWS)
frozenset({'Amazon Web Services (AWS)'}),frozenset({'PostgreSQL'}),0.3306841203054387,0.4527037556490572,0.21215521271622254,0.641564561734213,1.4171840938548863,1.0,0.062453269520445776,1.5269032744053386,0.43981531030253207,0.3713989524225229,0.34507966761060493,0.5551024185607382,Amazon Web Services (AWS),PostgreSQL
frozenset({'Maven (build tool)'}),frozenset({'PostgreSQL'}),0.12535452703755648,0.4527037556490572,0.08034907277544023,0.6409746394828444,1.4158809850469578,1.0,0.023600607597927134,1.5243943869664074,0.33582286469651423,0.16143778570981276,0.3440017829047302,0.4092308653524377,Maven (build tool),PostgreSQL
frozenset({'Spring Boot'}),frozenset({'Docker'}),0.10846189808321646,0.5427146641732897,0.08334112513635655,0.7683908045977011,1.4158283446572812,1.0,0.024477262542526156,1.9743833358274836,0.32943032774186665,0.14676985564520553,0.49351274301507914,0.46097711710962413,Spring Boot,Docker
frozenset({'SQLite'}),frozenset({'PostgreSQL'}),0.30525167523765,0.4527037556490572,0.19557425588281127,0.6406983867674085,1.4152707565874219,1.0,0.0573856760845608,1.5232223407709953,0.4223420346696296,0.3477610285967635,0.34349702388566644,0.5363560780652877,SQLite,PostgreSQL
frozenset({'PostgreSQL'}),frozenset({'SQLite'}),0.4527037556490572,0.30525167523765,0.19557425588281127,0.43201376936316693,1.4152707565874219,1.0,0.0573856760845608,1.223178111172501,0.5361290600695168,0.3477610285967635,0.18245757435813603,0.5363560780652877,PostgreSQL,SQLite
frozenset({'Redis'}),frozenset({'TypeScript'}),0.2279881564594047,0.43182172354682874,0.13922393641888733,0.610663021189337,1.414155397680251,1.0,0.04077369774832314,1.459348346999631,0.37935186839586843,0.2674369873675388,0.3147626459056433,0.4665368516267869,Redis,TypeScript
frozenset({'Vite'}),frozenset({'HTML/CSS'}),0.1937042231572386,0.6137447405329594,0.16780426990805672,0.8662912308930008,1.4114845695308718,1.0,0.04891932172627886,2.8887803099731126,0.3615622115607181,0.2623398138673683,0.6538331431616178,0.5698508764662038,Vite,HTML/CSS
frozenset({'PHP'}),frozenset({'HTML/CSS'}),0.18675393486052672,0.6137447405329594,0.16175783076203834,0.866154873164219,1.41126239617479,1.0,0.04713858546755517,2.8858373001577413,0.35833502618136237,0.25324485215184933,0.6534801182501385,0.5648568393852783,PHP,HTML/CSS
frozenset({'ASP.NET'}),frozenset({'SQL'}),0.10465949820788531,0.5805828268661368,0.08561633161913666,0.8180464562239427,1.4090090480966933,1.0,0.02485282429121123,2.3050783426898716,0.3242133568522091,0.14278288892354069,0.5661752655083006,0.4827563180840564,ASP.NET,SQL
frozenset({'Google Cloud'}),frozenset({'Docker'}),0.1873461118902914,0.5427146641732897,0.14321333956677576,0.764431874896024,1.4085336648503377,1.0,0.0415378573680647,1.9412020859140935,0.3569069467723195,0.24403845132508364,0.48485528258171556,0.5141575902361588,Google Cloud,Docker
frozenset({'Make'}),frozenset({'Amazon Web Services (AWS)'}),0.17709209911173446,0.3306841203054387,0.08243727598566308,0.4655051038366772,1.4077032287087452,1.0,0.023875730977855614,1.2522399830176152,0.35195068269652285,0.19381549058401115,0.20143102475435565,0.35739911176753747,Make,Amazon Web Services (AWS)
frozenset({'PHP'}),frozenset({'Node.js'}),0.18675393486052672,0.3597631291880941,0.09443665264142123,0.5056742323097464,1.4055754780956609,1.0,0.02724947264780865,1.2951719547282043,0.3548097507025836,0.20889348500517066,0.22790174976429817,0.3840854917937886,PHP,Node.js
frozenset({'WordPress'}),frozenset({'HTML/CSS'}),0.1005142589995325,0.6137447405329594,0.08639551192145863,0.8595348837209302,1.4004761702308575,1.0,0.02470541411192788,2.7498304895832364,0.31791181791181783,0.137602382725242,0.636341220381348,0.5001513541090941,WordPress,HTML/CSS
frozenset({'Homebrew'}),frozenset({'Node.js'}),0.19607293127629732,0.3597631291880941,0.09870656069814555,0.5034175806707996,1.399302874107477,1.0,0.028166749393102708,1.2892862209595712,0.35495562115509516,0.21592691075202836,0.22437703611248194,0.3888914984702001,Homebrew,Node.js
frozenset({'Kubernetes'}),frozenset({'Java'}),0.2179523141654979,0.2915069347046907,0.08888888888888889,0.40783640783640784,1.3990624554080129,1.0,0.025354277874710868,1.1964482022724217,0.36472919907195933,0.21135319401215358,0.1641928182927655,0.356382653827324,Kubernetes,Java
frozenset({'Flask'}),frozenset({'Docker'}),0.10615552438834347,0.5427146641732897,0.08041140719962599,0.757486788021139,1.3957367250708232,1.0,0.02279924743106669,1.8856099925251504,0.31720563164955246,0.14145512363616425,0.4696676386081137,0.4528259759895507,Flask,Docker
frozenset({'Vue.js'}),frozenset({'JavaScript'}),0.12971793673055945,0.6544491195262584,0.11846657316503038,0.9132628543969246,1.3954680771180743,1.0,0.03357278368495285,3.983885774326074,0.3256353118179137,0.17795776955849993,0.7489887871674326,0.5471400470670211,Vue.js,JavaScript
frozenset({'Node.js'}),frozenset({'JavaScript'}),0.3597631291880941,0.6544491195262584,0.32784790400498676,0.9112882266308586,1.39245084062535,1.0,0.09240124086982701,3.895208802058988,0.440214872274601,0.47765870493143214,0.743274352976558,0.7061203491474133,Node.js,JavaScript
frozenset({'JavaScript'}),frozenset({'Node.js'}),0.6544491195262584,0.3597631291880941,0.32784790400498676,0.500952471663968,1.3924508406253497,1.0,0.09240124086982701,1.2829176269976523,0.8156303694655773,0.47765870493143214,0.22052672832919928,0.7061203491474133,JavaScript,Node.js
frozenset({'Google Cloud'}),frozenset({'React'}),0.1873461118902914,0.3301542776998597,0.08608383980052985,0.4594909332889703,1.391746114847221,1.0,0.024230719549513585,1.239286745689795,0.34636903755850695,0.19953763906949867,0.19308424504823246,0.36011457832200805,Google Cloud,React
frozenset({'Vite'}),frozenset({'JavaScript'}),0.1937042231572386,0.6544491195262584,0.17640642044569113,0.910699919549477,1.3915519058360306,1.0,0.049636862151918454,3.869547247106853,0.3489759889417185,0.2626084535795481,0.7415718335658853,0.5901247002262101,Vite,JavaScript
frozenset({'Webpack'}),frozenset({'PostgreSQL'}),0.1402524544179523,0.4527037556490572,0.08823437743493845,0.6291111111111112,1.3896750430292601,1.0,0.02474156458093324,1.4756339721864848,0.3261507557610539,0.1748178337655922,0.32232517084282475,0.4120082233696692,Webpack,PostgreSQL
frozenset({'MongoDB'}),frozenset({'SQLite'}),0.1952937509739754,0.30525167523765,0.08268661368240611,0.42339610596872007,1.387039418011679,1.0,0.02307286903415568,1.2048970392916927,0.34676002109089415,0.1978817035876781,0.17005356691069862,0.34713811833049035,MongoDB,SQLite
frozenset({'Google Cloud'}),frozenset({'MySQL'}),0.1873461118902914,0.32971793673055944,0.08561633161913666,0.45699550823490265,1.386019555885892,1.0,0.02384495815217725,1.2343950619830293,0.34271596125602466,0.19843964458571117,0.18988658428888922,0.3583304415170165,Google Cloud,MySQL
frozenset({'APT'}),frozenset({'Stack Exchange'}),0.14075112981143836,0.43721365123889666,0.08521115786192925,0.6054030115146147,1.3846846039668104,1.0,0.023672842481070364,1.4262307244697772,0.32332178809553674,0.17292852624920937,0.298851172644759,0.4001494669777237,APT,Stack Exchange
frozenset({'ASP.NET Core'}),frozenset({'TypeScript'}),0.1453015427769986,0.43182172354682874,0.0868630201028518,0.5978120978120978,1.3843956086828695,1.0,0.024118657466874985,1.412718466573165,0.3248667656069736,0.17717736808645898,0.2921448797751594,0.39948345778371036,ASP.NET Core,TypeScript
frozenset({'Express'}),frozenset({'HTML/CSS'}),0.14676640174536387,0.6137447405329594,0.12454417952314166,0.8485878105754938,1.3826396456588828,1.0,0.03446707236497723,2.5510182564239767,0.3243493347233849,0.19583435432492036,0.607999669354855,0.5257564281396665,Express,HTML/CSS
frozenset({'React'}),frozenset({'Amazon Web Services (AWS)'}),0.3301542776998597,0.3306841203054387,0.15094280816580957,0.45718870952515817,1.3825541701333364,1.0,0.041766031279553945,1.233054454539911,0.41308173810064847,0.2960268948655257,0.18900580885283816,0.45682244147322937,React,Amazon Web Services (AWS)
frozenset({'Amazon Web Services (AWS)'}),frozenset({'React'}),0.3306841203054387,0.3301542776998597,0.15094280816580957,0.4564561734213006,1.3825541701333364,1.0,0.041766031279553945,1.2323674551074195,0.41340874110636266,0.2960268948655257,0.1885537094836419,0.45682244147322937,Amazon Web Services (AWS),React
frozenset({'Vue.js'}),frozenset({'HTML/CSS'}),0.12971793673055945,0.6137447405329594,0.10989558983948886,0.8471888515136953,1.3803602630924696,1.0,0.0302818884183208,2.5276641350657587,0.3166231445688835,0.17345533254624165,0.6043778181890512,0.5131231683934513,Vue.js,HTML/CSS
frozenset({'MariaDB'}),frozenset({'Node.js'}),0.18263986286426678,0.3597631291880941,0.09063425276609008,0.496245733788396,1.3793679605475775,1.0,0.024927164187557083,1.2709309156361008,0.33648604880786465,0.20062090375991723,0.21317517128812605,0.37408665447108447,MariaDB,Node.js
frozenset({'Homebrew'}),frozenset({'TypeScript'}),0.19607293127629732,0.43182172354682874,0.11678354371201496,0.5956127801621365,1.3793024937930096,1.0,0.032114992587405355,1.405035195427241,0.3420656972193248,0.22848954204524663,0.2882740565826741,0.43302833161841936,Homebrew,TypeScript
frozenset({'Next.js'}),frozenset({'JavaScript'}),0.15371669004207575,0.6544491195262584,0.13872526102540128,0.9024736415247364,1.378982131075396,1.0,0.03812550857087403,3.543153726603937,0.3247463802624638,0.20722566227478,0.7177655622189202,0.5572231051704071,Next.js,JavaScript
frozenset({'NuGet'}),frozenset({'TypeScript'}),0.14452236247467665,0.43182172354682874,0.08583450210378682,0.593918481777011,1.3753788876084734,1.0,0.023426606448912424,1.3991729516268483,0.3190353656386397,0.1749904689287076,0.2852920728368293,0.3963457439559902,NuGet,TypeScript
frozenset({'jQuery'}),frozenset({'SQL'}),0.17269752220663862,0.5805828268661368,0.13760324139005767,0.796787583468688,1.3723926141074112,1.0,0.037338025754549975,2.063934774720015,0.3279883073690505,0.2234990381694847,0.5154885647315788,0.5168981937098648,jQuery,SQL
frozenset({'Microsoft Azure'}),frozenset({'npm'}),0.20087268193860058,0.43338008415147267,0.11940158952781674,0.5944142746314973,1.3715772744733254,1.0,0.03234736972553401,1.3970410702539247,0.33901029494586205,0.2319147648162722,0.28420143022836036,0.43496334012049515,Microsoft Azure,npm
frozenset({'PHP'}),frozenset({'JavaScript'}),0.18675393486052672,0.6544491195262584,0.1673990961508493,0.8963618157543392,1.3696432449984746,1.0,0.045178147913313385,3.3342043088545257,0.3318588039175257,0.2484388732133771,0.7000783673201021,0.5760740405564724,PHP,JavaScript
frozenset({'YouTube'}),frozenset({'Medium'}),0.5701106436029297,0.2757674925977871,0.21499142901667445,0.3771047452438224,1.3674735252201677,1.0,0.05777344632698389,1.1626874693172966,0.6251013488863852,0.3407766031024602,0.13992364552859848,0.5783579784085298,YouTube,Medium
frozenset({'Medium'}),frozenset({'YouTube'}),0.2757674925977871,0.5701106436029297,0.21499142901667445,0.779611211573237,1.3674735252201677,1.0,0.05777344632698389,1.9505953976416817,0.37104716207728666,0.3407766031024602,0.48733601996137954,0.5783579784085298,Medium,YouTube
frozenset({'Google Cloud'}),frozenset({'LinkedIn'}),0.1873461118902914,0.35053763440860214,0.08979273803958236,0.4792879720512394,1.3672939079989346,1.0,0.02412087516191032,1.2472582362843105,0.3305569013426848,0.2003895110245531,0.19824141391995476,0.3677225847630608,Google Cloud,LinkedIn
frozenset({'Pip'}),frozenset({'Bash/Shell (all shells)'}),0.31245130123110487,0.48290478416705623,0.20626460963066853,0.6601496259351621,1.3670389020349605,1.0,0.05538038144694596,1.5215378745891583,0.3905060431631417,0.3501402042219988,0.3427702216942726,0.5436413548547632,Pip,Bash/Shell (all shells)
frozenset({'Bash/Shell (all shells)'}),frozenset({'Pip'}),0.48290478416705623,0.31245130123110487,0.20626460963066853,0.42713308377436426,1.3670389020349603,1.0,0.05538038144694596,1.2001892224791868,0.5192311079608767,0.3501402042219988,0.16679805044879772,0.5436413548547632,Bash/Shell (all shells),Pip
frozenset({'pnpm'}),frozenset({'JavaScript'}),0.10254012778556958,0.6544491195262584,0.09172510518934081,0.8945288753799392,1.366842507218085,1.0,0.024617808843964778,3.276260509390806,0.29905160484819604,0.13787772312016866,0.6947739664981825,0.5173425403664149,pnpm,JavaScript
frozenset({'Dev.to'}),frozenset({'YouTube'}),0.10777621941717314,0.5701106436029297,0.08396446937821411,0.7790630422209369,1.3665120112430986,1.0,0.022520099561198964,1.9457557518600377,0.3006082975590945,0.14137279596977326,0.4860608794068557,0.46317027029043784,Dev.to,YouTube
frozenset({'YouTube'}),frozenset({'LinkedIn'}),0.5701106436029297,0.35053763440860214,0.2730559451457067,0.4789525475617756,1.3663370221854334,1.0,0.07321070878597002,1.2464553133352057,0.6236864117537836,0.42164789681393766,0.19772494906034985,0.6289579133292118,YouTube,LinkedIn
frozenset({'LinkedIn'}),frozenset({'YouTube'}),0.35053763440860214,0.5701106436029297,0.2730559451457067,0.778963279096648,1.3663370221854334,1.0,0.07321070878597002,1.9448775508438652,0.41282784707361253,0.42164789681393766,0.4858288124277496,0.6289579133292118,LinkedIn,YouTube
frozenset({'Discord'}),frozenset({'Reddit'}),0.3664017453638772,0.5059685211157862,0.25317126383045035,0.6909663150731541,1.3656310348110232,1.0,0.06778351459444654,1.5986331037057024,0.4225671200079631,0.408868978708411,0.3744655995913286,0.5956679548754953,Discord,Reddit
frozenset({'Reddit'}),frozenset({'Discord'}),0.5059685211157862,0.3664017453638772,0.25317126383045035,0.5003695946778366,1.365631034811023,1.0,0.06778351459444654,1.2681339003529546,0.5419447973403494,0.408868978708411,0.21143973856256518,0.5956679548754953,Reddit,Discord
"frozenset({'Slack (public channels, not work)'})","frozenset({'GitHub (public projects, not private repos)'})",0.1477325853202431,0.6298581891849774,0.1270375564905719,0.859915611814346,1.365252729232683,1.0,0.03398697781714842,2.64227738443254,0.3139095528351341,0.19527619412638336,0.6215385992811797,0.530803963559704,"Slack (public channels, not work)","GitHub (public projects, not private repos)"
frozenset({'Google Cloud'}),frozenset({'PostgreSQL'}),0.1873461118902914,0.4527037556490572,0.11578619292504286,0.6180336050573948,1.3652053850785895,1.0,0.03097390446605945,1.4328387303107655,0.3291800921510174,0.22085488377623214,0.3020847504707581,0.4368997629417783,Google Cloud,PostgreSQL
frozenset({'Terraform'}),frozenset({'Bash/Shell (all shells)'}),0.1355462053919277,0.48290478416705623,0.08935639707028206,0.6592320073580133,1.3651386960166425,1.0,0.023900486010829752,1.5174406839794012,0.3094135281591174,0.16888548539114046,0.34099565765064543,0.42213568871837676,Terraform,Bash/Shell (all shells)
frozenset({'jQuery'}),frozenset({'npm'}),0.17269752220663862,0.43338008415147267,0.10210378681626929,0.5912290200324851,1.3642274798807827,1.0,0.02726012010960542,1.3861549464532847,0.3227168118951572,0.2025974025974026,0.2785799289187175,0.4134138627670516,jQuery,npm
frozenset({'Go'}),frozenset({'Bash/Shell (all shells)'}),0.1625370110643603,0.48290478416705623,0.10699703911485117,0.658293384467881,1.3631949942333783,1.0,0.028507138867657822,1.5132724750666673,0.31813851439285773,0.1987149803195184,0.33918047379012484,0.4399315121642361,Go,Bash/Shell (all shells)
frozenset({'PHP'}),frozenset({'SQL'}),0.18675393486052672,0.5805828268661368,0.1474520804114072,0.7895527369826436,1.359931262942244,1.0,0.03902595298170822,1.992979937682878,0.3254472768060829,0.23787017949620395,0.4982388025628387,0.5217626257384766,PHP,SQL
frozenset({'ASP.NET Core'}),frozenset({'SQL'}),0.1453015427769986,0.5805828268661368,0.11460183886551348,0.7887172887172886,1.3584922808940416,1.0,0.03024225841203272,1.9850993514213902,0.30875195324022986,0.18747769336664458,0.4962468758634321,0.4930541564909183,ASP.NET Core,SQL
frozenset({'MongoDB'}),frozenset({'Pip'}),0.1952937509739754,0.31245130123110487,0.08287361695496338,0.42435365464411107,1.3581433425692073,1.0,0.021853830340841415,1.1943942740465476,0.3276980820614524,0.19505575117370894,0.16275553079131022,0.3447952811873922,MongoDB,Pip
frozenset({'TypeScript'}),frozenset({'JavaScript'}),0.43182172354682874,0.6544491195262584,0.38357487922705313,0.8882713821725009,1.3572810409088814,1.0,0.10096953245951973,3.0927696698731846,0.4632928131691774,0.5458617936662822,0.6766652202583829,0.7371874102976039,TypeScript,JavaScript
frozenset({'JavaScript'}),frozenset({'TypeScript'}),0.6544491195262584,0.43182172354682874,0.38357487922705313,0.5861034384227068,1.3572810409088811,1.0,0.10096953245951973,1.3727542801707155,0.7617775759063863,0.5458617936662822,0.27153751079498345,0.7371874102976039,JavaScript,TypeScript
frozenset({'Rust'}),frozenset({'Bash/Shell (all shells)'}),0.14714040829047842,0.48290478416705623,0.09636901979117968,0.654945986019911,1.3562631961694105,1.0,0.02531421268341366,1.4985920895932032,0.30799909816260795,0.1805758336740057,0.33270700750098525,0.4272535532268137,Rust,Bash/Shell (all shells)
frozenset({'Docker'}),frozenset({'PostgreSQL'}),0.5427146641732897,0.4527037556490572,0.3326788218793829,0.6129902946074772,1.3540649640262243,1.0,0.08698985516231783,1.4141667165577931,0.5718158354292547,0.5019751693002258,0.2928697951298922,0.6739306034138935,Docker,PostgreSQL
frozenset({'PostgreSQL'}),frozenset({'Docker'}),0.4527037556490572,0.5427146641732897,0.3326788218793829,0.7348709122203099,1.3540649640262241,1.0,0.08698985516231783,1.72476486701713,0.4777723198985208,0.5019751693002258,0.42021082460391507,0.6739306034138935,PostgreSQL,Docker
frozenset({'Make'}),frozenset({'Python'}),0.17709209911173446,0.5730403615396603,0.13732273648122176,0.7754311862020415,1.3531877302998205,1.0,0.03584181598041608,1.901241901043613,0.3171730835893642,0.2240870715084935,0.4740280027222792,0.5075350209265401,Make,Python
frozenset({'Yarn'}),frozenset({'JavaScript'}),0.16135265700483092,0.6544491195262584,0.14258999532491817,0.8837164380915588,1.3503210742055274,1.0,0.036992891014884205,2.9716227711172083,0.30934980232177467,0.21180555555555555,0.6634835317189197,0.550797165612119,Yarn,JavaScript
frozenset({'MariaDB'}),frozenset({'npm'}),0.18263986286426678,0.43338008415147267,0.10687237026647967,0.5851535836177475,1.3502087544318897,1.0,0.027719891128950305,1.365854671687524,0.3173310914781983,0.2099045053868756,0.2678576859392425,0.41587776268266013,MariaDB,npm
frozenset({'Express'}),frozenset({'Docker'}),0.14676640174536387,0.5427146641732897,0.10749571450833723,0.7324272669356551,1.3495623304215525,1.0,0.027843436073179947,1.7090132114349033,0.3035734106007229,0.18470518931076954,0.41486701605987547,0.46524883705135706,Express,Docker
frozenset({'MySQL'}),frozenset({'Node.js'}),0.32971793673055944,0.3597631291880941,0.16004363409693004,0.48539559504679086,1.3492088423352928,1.0,0.04142327742930195,1.244134066186472,0.38614325695752505,0.3022899864602343,0.19622810179516526,0.46512697538010517,MySQL,Node.js
frozenset({'Node.js'}),frozenset({'MySQL'}),0.3597631291880941,0.32971793673055944,0.16004363409693004,0.4448583557134194,1.3492088423352928,1.0,0.04142327742930195,1.2074072809486818,0.4042642821598935,0.3022899864602343,0.17177905435994895,0.46512697538010517,Node.js,MySQL
frozenset({'JavaScript'}),frozenset({'React'}),0.6544491195262584,0.3301542776998597,0.2914757674925978,0.4453757500714354,1.348992819885019,1.0,0.07540659114409679,1.2077469068228015,0.7486776180273556,0.42052250550834125,0.17201195519458423,0.6641114566462152,JavaScript,React
frozenset({'React'}),frozenset({'JavaScript'}),0.3301542776998597,0.6544491195262584,0.2914757674925978,0.8828471632209951,1.348992819885019,1.0,0.07540659114409679,2.9495733093137373,0.3862176042745808,0.42052250550834125,0.6609679112425028,0.6641114566462152,React,JavaScript
frozenset({'Vite'}),frozenset({'Discord'}),0.1937042231572386,0.3664017453638772,0.09571450833722923,0.4941271118262269,1.3485937719415182,1.0,0.024740942888063056,1.2524850994158725,0.3205856575415212,0.20610738255033553,0.20158730793174723,0.3776777103874244,Vite,Discord
frozenset({'PostgreSQL'}),frozenset({'Pip'}),0.4527037556490572,0.31245130123110487,0.19055633473585787,0.42092943201376937,1.347184122310403,1.0,0.0491084572111018,1.187331452813958,0.47088020287282695,0.3316337600347147,0.15777519610887536,0.5154023718672338,PostgreSQL,Pip
frozenset({'Pip'}),frozenset({'PostgreSQL'}),0.31245130123110487,0.4527037556490572,0.19055633473585787,0.6098753117206982,1.3471841223104029,1.0,0.0491084572111018,1.4028751852769628,0.374825764390156,0.3316337600347147,0.28717821051017095,0.5154023718672338,Pip,PostgreSQL
frozenset({'pnpm'}),frozenset({'HTML/CSS'}),0.10254012778556958,0.6137447405329594,0.08477481689262896,0.8267477203647418,1.3470546723493164,1.0,0.02184135277065806,2.2294382520115166,0.28707649408087593,0.13424143717303327,0.5514565164127119,0.48243743930079463,pnpm,HTML/CSS
frozenset({'Next.js'}),frozenset({'HTML/CSS'}),0.15371669004207575,0.6137447405329594,0.12694405485429328,0.825831305758313,1.345561519665624,1.0,0.032601244808834154,2.2177077295593057,0.3034632051894163,0.19818986910612618,0.5490839542689802,0.5163332844046491,Next.js,HTML/CSS
frozenset({'Node.js'}),frozenset({'HTML/CSS'}),0.3597631291880941,0.6137447405329594,0.29655602306373696,0.8243091050853332,1.3430813343826382,1.0,0.07575329468686462,2.198493323485233,0.39898272833536447,0.43807550644567217,0.5451430353153324,0.653750124348476,Node.js,HTML/CSS
frozenset({'HTML/CSS'}),frozenset({'Node.js'}),0.6137447405329594,0.3597631291880941,0.29655602306373696,0.4831911436116189,1.3430813343826382,1.0,0.07575329468686462,1.2388272044834483,0.6613332692217427,0.43807550644567217,0.19278492078564857,0.653750124348476,HTML/CSS,Node.js
frozenset({'Kubernetes'}),frozenset({'Medium'}),0.2179523141654979,0.2757674925977871,0.08072307932055478,0.3703703703703704,1.3430530440024113,1.0,0.020618916137250268,1.1502516294035148,0.3266140602582497,0.19545694664553623,0.13062500896558657,0.3315459446788561,Kubernetes,Medium
frozenset({'JavaScript'}),frozenset({'HTML/CSS'}),0.6544491195262584,0.6137447405329594,0.5378837462988936,0.8218877988379846,1.3391361987465333,1.0,0.13621904124322642,2.1686064006120107,0.7328876346804097,0.7365141686582451,0.5388743666357407,0.8491421525166969,JavaScript,HTML/CSS
frozenset({'HTML/CSS'}),frozenset({'JavaScript'}),0.6137447405329594,0.6544491195262584,0.5378837462988936,0.8763965061954093,1.3391361987465333,1.0,0.13621904124322642,2.795640073249351,0.6556544182765839,0.7365141686582451,0.6423001624677287,0.8491421525166969,HTML/CSS,JavaScript
frozenset({'NuGet'}),frozenset({'Docker'}),0.14452236247467665,0.5427146641732897,0.10487766869253545,0.7256847099417727,1.3371385699466936,1.0,0.026443263276560866,1.6670063696764588,0.294729333933288,0.18009098207118007,0.40012226816260743,0.45946556751323975,NuGet,Docker
frozenset({'Redis'}),frozenset({'Medium'}),0.2279881564594047,0.2757674925977871,0.08390213495402836,0.36801093643198907,1.3344971626831341,1.0,0.021030412705226348,1.1459573419094067,0.32467647378167414,0.19983668621483186,0.12736716854242675,0.33613024217621157,Redis,Medium
frozenset({'Go'}),frozenset({'TypeScript'}),0.1625370110643603,0.43182172354682874,0.09353280349072775,0.5754554170661552,1.3326226673812769,1.0,0.023345791232765714,1.3383241696943486,0.29804306640374306,0.18675710996328335,0.2527968763887871,0.3960279611494616,Go,TypeScript
frozenset({'MariaDB'}),frozenset({'SQL'}),0.18263986286426678,0.5805828268661368,0.14106280193236714,0.7723549488054607,1.3303096699819201,1.0,0.03502523405218756,1.8424172672896837,0.3037771385074352,0.22673078849814643,0.45723478727972117,0.5076612622489833,MariaDB,SQL
frozenset({'Make'}),frozenset({'PostgreSQL'}),0.17709209911173446,0.4527037556490572,0.10662303256973664,0.6020767335445266,1.3299574523770146,1.0,0.026452774206079388,1.375381362406925,0.3014872582475066,0.20380078636959373,0.2729289291444269,0.4188008452576334,Make,PostgreSQL
frozenset({'PostgreSQL'}),frozenset({'React'}),0.4527037556490572,0.3301542776998597,0.19865980988000623,0.43882960413080896,1.3291652835397911,1.0,0.049197728421677966,1.1936583384136348,0.4524937316532926,0.3400554844216816,0.162239337825098,0.5202738599338081,PostgreSQL,React
frozenset({'React'}),frozenset({'PostgreSQL'}),0.3301542776998597,0.4527037556490572,0.19865980988000623,0.6017181157368073,1.329165283539791,1.0,0.049197728421677966,1.3741429524554485,0.3697091907608328,0.3400554844216816,0.27227367559313576,0.5202738599338081,React,PostgreSQL
frozenset({'Homebrew'}),frozenset({'Bash/Shell (all shells)'}),0.19607293127629732,0.48290478416705623,0.12572853358267103,0.6412335081862979,1.3278673751231036,1.0,0.03104397702368862,1.4413141350487593,0.3071332612085481,0.2272548025463354,0.3061887234137404,0.4507961783864237,Homebrew,Bash/Shell (all shells)
frozenset({'Medium'}),frozenset({'Pip'}),0.2757674925977871,0.31245130123110487,0.11438366838086333,0.41478300180831834,1.327512480101735,1.0,0.028219756481445674,1.1748611214189233,0.3406522225254074,0.2413997237387358,0.14883556722664978,0.3904338949191218,Medium,Pip
frozenset({'Pip'}),frozenset({'Medium'}),0.31245130123110487,0.2757674925977871,0.11438366838086333,0.3660847880299252,1.327512480101735,1.0,0.028219756481445674,1.142475355894128,0.3588275473627784,0.2413997237387358,0.1247075966751367,0.3904338949191218,Pip,Medium
frozenset({'Go'}),frozenset({'npm'}),0.1625370110643603,0.43338008415147267,0.09340813464235624,0.5746883988494726,1.3260609332675533,1.0,0.02296783110955493,1.3322465559738819,0.29360920280161057,0.18588352043664325,0.249388189058599,0.39511118971599846,Go,npm
frozenset({'Medium'}),frozenset({'npm'}),0.2757674925977871,0.43338008415147267,0.15845410628019324,0.5745931283905968,1.3258411020792735,1.0,0.03894196713192365,1.331948197510035,0.33934102964672147,0.28773558209293115,0.24922005084776125,0.4701085023470424,Medium,npm
frozenset({'npm'}),frozenset({'Medium'}),0.43338008415147267,0.2757674925977871,0.15845410628019324,0.36562387630348797,1.3258411020792735,1.0,0.03894196713192365,1.1416452800620986,0.43373308613316097,0.28773558209293115,0.12407118264825116,0.4701085023470424,npm,Medium
frozenset({'WordPress'}),frozenset({'JavaScript'}),0.1005142589995325,0.6544491195262584,0.08711235779959482,0.8666666666666666,1.3242689779979044,1.0,0.021330889497516492,2.5916316035530604,0.27222932992163756,0.1304368116483106,0.614142689636511,0.4998872908530971,WordPress,JavaScript
frozenset({'Hacker News'}),frozenset({'Amazon Web Services (AWS)'}),0.18447872837774662,0.3306841203054387,0.08075424653264765,0.4377428619699273,1.323749267323762,1.0,0.01975006052398654,1.1904088617524362,0.2998939939116856,0.18589467642416413,0.15995249016554675,0.34097322174839434,Hacker News,Amazon Web Services (AWS)
frozenset({'Medium'}),frozenset({'Node.js'}),0.2757674925977871,0.3597631291880941,0.13118279569892474,0.4757007233273057,1.3222609120641604,1.0,0.031971819633590276,1.2211286555170822,0.33652122238546983,0.26010381905821295,0.1810854691829716,0.4201686498036511,Medium,Node.js
frozenset({'Node.js'}),frozenset({'Medium'}),0.3597631291880941,0.2757674925977871,0.13118279569892474,0.36463657627999657,1.3222609120641604,1.0,0.031971819633590276,1.1398712616503606,0.38067099817793604,0.26010381905821295,0.12270794637619704,0.4201686498036511,Node.js,Medium
frozenset({'MongoDB'}),frozenset({'Docker'}),0.1952937509739754,0.5427146641732897,0.1401277855695808,0.7175231407596553,1.3221001534068535,1.0,0.03413900309459768,1.6188417594859699,0.3027535206424025,0.23437418547672417,0.38227439826019216,0.487860519440874,MongoDB,Docker
frozenset({'npm'}),frozenset({'JavaScript'}),0.43338008415147267,0.6544491195262584,0.3749415614773259,0.8651564185544769,1.3219613148547666,1.0,0.09131634698417884,2.562605329593269,0.4298264240389127,0.5259476238359638,0.6097721375773781,0.7190340622156135,npm,JavaScript
frozenset({'JavaScript'}),frozenset({'npm'}),0.6544491195262584,0.43338008415147267,0.3749415614773259,0.5729117058767502,1.3219613148547666,1.0,0.09131634698417884,1.3267043926167907,0.7048114358282163,0.5259476238359638,0.24625258982703688,0.7190340622156135,JavaScript,npm
frozenset({'HTML/CSS'}),frozenset({'TypeScript'}),0.6137447405329594,0.43182172354682874,0.35007012622720896,0.5703839122486288,1.3208782262358179,1.0,0.08504181455246523,1.3225256051909986,0.6289310859935403,0.5033385615057135,0.24387097227083135,0.6905329882426832,HTML/CSS,TypeScript
frozenset({'TypeScript'}),frozenset({'HTML/CSS'}),0.43182172354682874,0.6137447405329594,0.35007012622720896,0.8106820642367376,1.3208782262358179,1.0,0.08504181455246523,2.0402465192206813,0.4275558392055921,0.5033385615057135,0.5098631510558965,0.6905329882426832,TypeScript,HTML/CSS
frozenset({'PostgreSQL'}),frozenset({'npm'}),0.4527037556490572,0.43338008415147267,0.25909303412809725,0.5723235800344234,1.3206042477816955,1.0,0.06290024240922112,1.324879954555676,0.4435822039032643,0.4132325893522891,0.24521463506075217,0.5850830413656476,PostgreSQL,npm
frozenset({'npm'}),frozenset({'PostgreSQL'}),0.43338008415147267,0.4527037556490572,0.25909303412809725,0.5978425026968717,1.3206042477816955,1.0,0.06290024240922112,1.3609002642524786,0.42845453798357097,0.4132325893522891,0.26519229493332164,0.5850830413656476,npm,PostgreSQL
frozenset({'C++'}),frozenset({'Python'}),0.23266323827333646,0.5730403615396603,0.17606358111266948,0.7567314132618889,1.3205551721150715,1.0,0.04273815493552863,1.7550956503890067,0.3163444598650056,0.2796257796257796,0.4302304835760058,0.5319880279623923,C++,Python
frozenset({'APT'}),frozenset({'PostgreSQL'}),0.14075112981143836,0.4527037556490572,0.08412030543867852,0.5976527900797166,1.3201851820797046,1.0,0.020401740361192397,1.3602585797957392,0.28225874460888206,0.16515726349284057,0.26484565886718153,0.3917351730088773,APT,PostgreSQL
frozenset({'Cargo'}),frozenset({'Python'}),0.10973975377902447,0.5730403615396603,0.08287361695496338,0.7551831865947175,1.317853396165099,1.0,0.0199883087741579,1.743996388652966,0.2709210656523235,0.13814422277639238,0.42660431724151476,0.44990204690336333,Cargo,Python
frozenset({'MariaDB'}),frozenset({'PostgreSQL'}),0.18263986286426678,0.4527037556490572,0.108835904628331,0.5959044368600683,1.3163231570847018,1.0,0.026154152778448653,1.3543733073887354,0.29400519995588453,0.20671283963771978,0.2616511307890258,0.4181587588775385,MariaDB,PostgreSQL
frozenset({'NuGet'}),frozenset({'SQL'}),0.14452236247467665,0.5805828268661368,0.11042543244506779,0.7640715980159586,1.3160423675296344,1.0,0.026518230694147535,1.777730742067389,0.28071574624715157,0.17964709461515058,0.43748511721349714,0.477134575044054,NuGet,SQL
frozenset({'React'}),frozenset({'Medium'}),0.3301542776998597,0.2757674925977871,0.11977559607293127,0.3627867459643161,1.3155529774259813,1.0,0.028729778741207454,1.1365622149498729,0.3580874927155511,0.2463777407359918,0.12015375238908133,0.3985610945011454,React,Medium
frozenset({'Medium'}),frozenset({'React'}),0.2757674925977871,0.3301542776998597,0.11977559607293127,0.4343354430379747,1.3155529774259813,1.0,0.028729778741207454,1.1841748153669613,0.3311966430022217,0.2463777407359918,0.1555300897949665,0.3985610945011454,Medium,React
frozenset({'Angular'}),frozenset({'HTML/CSS'}),0.13445535296867694,0.6137447405329594,0.10855539971949509,0.8073713490959666,1.3154839394548086,1.0,0.02603413399846699,2.0051807332621103,0.27707811868886706,0.16971203040491156,0.5012918369841112,0.4921226032499943,Angular,HTML/CSS
frozenset({'APT'}),frozenset({'Python'}),0.14075112981143836,0.5730403615396603,0.10599968832787907,0.7531000885739593,1.3142182281026586,1.0,0.025343610013616763,1.7292822666250172,0.2782562442641444,0.17440131275319215,0.4217254063723982,0.4690388944990975,APT,Python
frozenset({'Next.js'}),frozenset({'Docker'}),0.15371669004207575,0.5427146641732897,0.10958391771856008,0.7128953771289537,1.3135730876461538,1.0,0.02615961590454527,1.5927480764811683,0.2820777067983738,0.1867332306548409,0.3721543194644546,0.457406742145135,Next.js,Docker
frozenset({'Node.js'}),frozenset({'Amazon Web Services (AWS)'}),0.3597631291880941,0.3306841203054387,0.15627240143369175,0.43437581218054233,1.3135671945158058,1.0,0.03730444753979496,1.1833225914097598,0.37285300312081093,0.2925491568936345,0.15492190611467754,0.45347442823918727,Node.js,Amazon Web Services (AWS)
frozenset({'Amazon Web Services (AWS)'}),frozenset({'Node.js'}),0.3306841203054387,0.3597631291880941,0.15627240143369175,0.4725730442978322,1.3135671945158058,1.0,0.03730444753979496,1.2138872765036315,0.3566540810294621,0.2925491568936345,0.1762002787603907,0.45347442823918727,Amazon Web Services (AWS),Node.js
frozenset({'MongoDB'}),frozenset({'LinkedIn'}),0.1952937509739754,0.35053763440860214,0.08982390525167523,0.45994254707947646,1.3121060392144575,1.0,0.021366095770475255,1.202580136759958,0.29559416983318354,0.196979017155355,0.16845458407932637,0.3580943285766369,MongoDB,LinkedIn
frozenset({'Reddit'}),frozenset({'Medium'}),0.5059685211157862,0.2757674925977871,0.18298270219728846,0.36164839226315143,1.3114250300365298,1.0,0.043453031795777614,1.1345354168838682,0.48067930464828124,0.30560616313570355,0.11858194542166435,0.5125940876324799,Reddit,Medium
frozenset({'Medium'}),frozenset({'Reddit'}),0.2757674925977871,0.5059685211157862,0.18298270219728846,0.6635397830018084,1.3114250300365298,1.0,0.043453031795777614,1.468320633244046,0.3278929146610968,0.30560616313570355,0.3189498414997806,0.5125940876324799,Medium,Reddit
frozenset({'LinkedIn'}),frozenset({'Discord'}),0.35053763440860214,0.3664017453638772,0.16824061087735703,0.4799502089446075,1.309901535725394,1.0,0.0398030098143205,1.2183415233189387,0.36427644283264105,0.3066174382277762,0.17921208391892035,0.469559997292991,LinkedIn,Discord
frozenset({'Discord'}),frozenset({'LinkedIn'}),0.3664017453638772,0.35053763440860214,0.16824061087735703,0.4591697856413746,1.3099015357253938,1.0,0.0398030098143205,1.2008618386115872,0.37339724117008083,0.3066174382277762,0.16726473616966625,0.469559997292991,Discord,LinkedIn
frozenset({'React'}),frozenset({'HTML/CSS'}),0.3301542776998597,0.6137447405329594,0.26541997818295154,0.8039271216841312,1.3098721155411004,1.0,0.06278952668020454,1.9699576136419665,0.3531659392940908,0.39119849327024675,0.4923748647813562,0.6181935019348952,React,HTML/CSS
frozenset({'HTML/CSS'}),frozenset({'React'}),0.6137447405329594,0.3301542776998597,0.26541997818295154,0.4324598821856592,1.3098721155411004,1.0,0.06278952668020454,1.180261449850963,0.6124620646581618,0.39119849327024675,0.15273010049911015,0.6181935019348952,HTML/CSS,React
frozenset({'Rust'}),frozenset({'Python'}),0.14714040829047842,0.5730403615396603,0.11039426523297491,0.7502647744122007,1.309270384369382,1.0,0.02607687246910592,1.709649239331012,0.27696918412425287,0.18103756708407867,0.41508469866526465,0.4714556766654716,Rust,Python
frozenset({'PowerShell'}),frozenset({'Bash/Shell (all shells)'}),0.22973352033660588,0.48290478416705623,0.1451457067165342,0.6318002984669652,1.3083330693373292,1.0,0.034206290662447514,1.4043879277467315,0.30595727816797497,0.25576669595782076,0.2879460295529249,0.46618413012931326,PowerShell,Bash/Shell (all shells)
frozenset({'Angular'}),frozenset({'JavaScript'}),0.13445535296867694,0.6544491195262584,0.11510051425899953,0.8560500695410292,1.3080467892763084,1.0,0.027106326893056615,2.400493556141259,0.27208458197675134,0.17082196216291223,0.5834190025456772,0.5159619811463599,Angular,JavaScript
frozenset({'SQL'}),frozenset({'MySQL'}),0.5805828268661368,0.32971793673055944,0.2503662147420913,0.431232553145802,1.3078832089690007,1.0,0.05893764296659307,1.178481762584534,0.5612687098726596,0.37938037215452913,0.15145059368004543,0.5952835419098894,SQL,MySQL
frozenset({'MySQL'}),frozenset({'SQL'}),0.32971793673055944,0.5805828268661368,0.2503662147420913,0.7593345306739767,1.3078832089690007,1.0,0.05893764296659307,1.742739306591963,0.35120399092143495,0.37938037215452913,0.4261907123931443,0.5952835419098894,MySQL,SQL
frozenset({'Cargo'}),"frozenset({'GitHub (public projects, not private repos)'})",0.10973975377902447,0.6298581891849774,0.0901667445846969,0.8216415790968474,1.3044866181069004,1.0,0.02104626198783527,2.0752696112733986,0.2621872699691412,0.13883956423669433,0.5181348994040376,0.48239780968796553,Cargo,"GitHub (public projects, not private repos)"
frozenset({'Make'}),frozenset({'Stack Exchange'}),0.17709209911173446,0.43721365123889666,0.10079476390836839,0.5691657866948258,1.3018024141790336,1.0,0.023367680650166395,1.306271255580306,0.28172565986450765,0.19628550619082302,0.23446221776061832,0.3998523544252572,Make,Stack Exchange
frozenset({'Yarn'}),frozenset({'HTML/CSS'}),0.16135265700483092,0.6137447405329594,0.12887642200405175,0.7987251303843925,1.3013962933365444,1.0,0.029847077396318214,1.9190436451639823,0.27615249165547573,0.19943088646667312,0.47890710952822024,0.5043544400652411,Yarn,HTML/CSS
"frozenset({'Slack (public channels, not work)'})",frozenset({'PostgreSQL'}),0.1477325853202431,0.4527037556490572,0.08692535452703756,0.5883966244725739,1.2997387742652347,1.0,0.02004625832081873,1.32966898935083,0.27058951719857044,0.1692765234280165,0.2479331262074336,0.3902051969178704,"Slack (public channels, not work)",PostgreSQL
frozenset({'Vite'}),frozenset({'MySQL'}),0.1937042231572386,0.32971793673055944,0.08287361695496338,0.42783588093322605,1.2975814575803535,1.0,0.01900586015956282,1.1714856645724336,0.2844309492613064,0.18811460912628228,0.14638306703908482,0.33959144457853285,Vite,MySQL
frozenset({'PHP'}),frozenset({'npm'}),0.18675393486052672,0.43338008415147267,0.10500233754090696,0.5622496662216289,1.2973592621877714,1.0,0.02406690153543324,1.2943905969364757,0.28183780196590447,0.2038359148112294,0.22743567330698358,0.40226830668147245,PHP,npm
frozenset({'Microsoft Azure'}),frozenset({'Docker'}),0.20087268193860058,0.5427146641732897,0.1411251363565529,0.7025601241272305,1.2945294654925739,1.0,0.03210858623665726,1.5374042719891228,0.2847087613628221,0.23424728401448527,0.34955299772506737,0.48129786485463344,Microsoft Azure,Docker
frozenset({'Dev.to'}),"frozenset({'GitHub (public projects, not private repos)'})",0.10777621941717314,0.6298581891849774,0.08779803646563815,0.8146327356853672,1.293358965038597,1.0,0.019914302066334683,1.9968024677041307,0.25421811410317763,0.13510791366906474,0.4991993368528972,0.4770130376432675,Dev.to,"GitHub (public projects, not private repos)"
frozenset({'Hacker News'}),frozenset({'Stack Exchange'}),0.18447872837774662,0.43721365123889666,0.10431665887486365,0.5654671397195472,1.293342827053156,1.0,0.023660040464920387,1.295152565442057,0.2781163498858989,0.2016265060240964,0.2278901909454324,0.40203068990539664,Hacker News,Stack Exchange
frozenset({'ASP.NET Core'}),frozenset({'npm'}),0.1453015427769986,0.43338008415147267,0.08143992519869098,0.5604890604890604,1.2932967641705504,1.0,0.018469130362656516,1.2892054893537501,0.26533598951293863,0.16378337720947725,0.22432846566509923,0.37420353779577076,ASP.NET Core,npm
frozenset({'PowerShell'}),frozenset({'SQL'}),0.22973352033660588,0.5805828268661368,0.17223001402524543,0.7496947496947497,1.2912795814878701,1.0,0.038850677362309655,1.6756227551055314,0.2928523810766504,0.2699164753577883,0.40320695875425755,0.5231724768443686,PowerShell,SQL
frozenset({'Kubernetes'}),frozenset({'Bash/Shell (all shells)'}),0.2179523141654979,0.48290478416705623,0.1358267103007636,0.6231946231946232,1.2905124232089509,1.0,0.030576495069963405,1.3723137929107307,0.2878520216781684,0.24038832809311045,0.27130368785482994,0.45223239614616917,Kubernetes,Bash/Shell (all shells)
frozenset({'Hacker News'}),frozenset({'LinkedIn'}),0.18447872837774662,0.35053763440860214,0.0832787907121708,0.45142760601452947,1.287814949673351,1.0,0.018612053667928438,1.183913687075911,0.27404670995088476,0.18435214571546849,0.15534383045283515,0.3445010351580605,Hacker News,LinkedIn
frozenset({'TypeScript'}),frozenset({'PostgreSQL'}),0.43182172354682874,0.4527037556490572,0.25145706716534205,0.5823168531216167,1.2863088628163217,1.0,0.05596975114484376,1.3103144056475398,0.391746301527526,0.39720362347380855,0.23682438681133675,0.568886481638261,TypeScript,PostgreSQL
frozenset({'PostgreSQL'}),frozenset({'TypeScript'}),0.4527037556490572,0.43182172354682874,0.25145706716534205,0.5554561101549054,1.2863088628163217,1.0,0.05596975114484376,1.2781151410070177,0.406693341506082,0.39720362347380855,0.21759787681405038,0.568886481638261,PostgreSQL,TypeScript
frozenset({'Hacker News'}),"frozenset({'GitHub (public projects, not private repos)'})",0.18447872837774662,0.6298581891849774,0.14941561477325854,0.8099341104916371,1.2858991506321034,1.0,0.03322017697410376,1.9474394473014391,0.2726281284686957,0.2247117277585076,0.4865052151502338,0.523577575311136,Hacker News,"GitHub (public projects, not private repos)"
frozenset({'Amazon Web Services (AWS)'}),frozenset({'TypeScript'}),0.3306841203054387,0.43182172354682874,0.1834813775907745,0.5548539114043355,1.2849143087266766,1.0,0.04068479081091311,1.276386092138079,0.33129048773238645,0.3168801808590807,0.21653800040636884,0.4898773346267437,Amazon Web Services (AWS),TypeScript
frozenset({'TypeScript'}),frozenset({'Amazon Web Services (AWS)'}),0.43182172354682874,0.3306841203054387,0.1834813775907745,0.42490075784915193,1.2849143087266766,1.0,0.04068479081091311,1.1638267461305405,0.3902612849178825,0.3168801808590807,0.14076557930570613,0.4898773346267437,TypeScript,Amazon Web Services (AWS)
frozenset({'C++'}),frozenset({'Java'}),0.23266323827333646,0.2915069347046907,0.08711235779959482,0.3744139316811788,1.2844083179718402,1.0,0.01928941039206744,1.1325269234324375,0.28857132892233855,0.19931541039720457,0.1170187840045144,0.33662426510285814,C++,Java
frozenset({'HTML/CSS'}),frozenset({'npm'}),0.6137447405329594,0.43338008415147267,0.3415926445379461,0.5565711964249441,1.2842565147281073,1.0,0.0756078972382484,1.2778148629053139,0.5730390831650313,0.4841630958165834,0.21741401745293354,0.6723884389172545,HTML/CSS,npm
frozenset({'npm'}),frozenset({'HTML/CSS'}),0.43338008415147267,0.6137447405329594,0.3415926445379461,0.7882056814095648,1.284256514728107,1.0,0.0756078972382484,1.823728143595653,0.3906310977813109,0.4841630958165834,0.4516726610204056,0.6723884389172545,npm,HTML/CSS
frozenset({'Kubernetes'}),frozenset({'React'}),0.2179523141654979,0.3301542776998597,0.09228611500701263,0.42342342342342343,1.2825017030624508,1.0,0.02032822615068977,1.1617636746143059,0.281663054427791,0.2024615384615385,0.13923974225481767,0.35147381876353845,Kubernetes,React
frozenset({'Google Cloud'}),frozenset({'TypeScript'}),0.1873461118902914,0.43182172354682874,0.10369331463300607,0.553485276992181,1.2817448655571366,1.0,0.022793193696743416,1.272473777853954,0.27048850052193596,0.20116089243606022,0.2141291888257886,0.39680759699482737,Google Cloud,TypeScript
frozenset({'Vue.js'}),frozenset({'Docker'}),0.12971793673055945,0.5427146641732897,0.09022907900888266,0.6955790485343585,1.2816662133018373,1.0,0.01982925253890505,1.5021480408135501,0.25252232932446794,0.15497858672376874,0.33428665295971177,0.43091707265057094,Vue.js,Docker
frozenset({'Homebrew'}),frozenset({'LinkedIn'}),0.19607293127629732,0.35053763440860214,0.08807854137447406,0.44921316165951364,1.2814976697648703,1.0,0.01934759987332038,1.1791537494763302,0.2732375178348396,0.1920880913539968,0.15193417275388693,0.35024008309702814,Homebrew,LinkedIn
frozenset({'Elasticsearch'}),frozenset({'SQL'}),0.13545270375564905,0.5805828268661368,0.10076359669627552,0.7439024390243902,1.281302864295553,1.0,0.022122083043159407,1.6377241998560372,0.2539414530881833,0.16377083227800013,0.38939657844226505,0.4587291881615402,Elasticsearch,SQL
"frozenset({'Slack (public channels, not work)'})",frozenset({'Docker'}),0.1477325853202431,0.5427146641732897,0.10260246220975534,0.6945147679324895,1.2797051817098675,1.0,0.022425821780227728,1.4969147042946178,0.2564570837462982,0.17454005620062563,0.3319592645252129,0.4417844614370998,"Slack (public channels, not work)",Docker
frozenset({'PostgreSQL'}),frozenset({'Node.js'}),0.4527037556490572,0.3597631291880941,0.20810347514414834,0.4596901893287435,1.2777579246827286,1.0,0.0452373554166412,1.184944004656337,0.39718734935792577,0.3443350007735548,0.1560782652425633,0.5190680003214799,PostgreSQL,Node.js
frozenset({'Node.js'}),frozenset({'PostgreSQL'}),0.3597631291880941,0.4527037556490572,0.20810347514414834,0.5784458113142164,1.2777579246827286,1.0,0.0452373554166412,1.2982820691621315,0.33952925005964246,0.3443350007735548,0.22975135854308837,0.5190680003214799,Node.js,PostgreSQL
frozenset({'ASP.NET'}),frozenset({'HTML/CSS'}),0.10465949820788531,0.6137447405329594,0.08206326944054854,0.7840976771888027,1.277563171470787,1.0,0.01782905286864024,1.7890278086763058,0.24265610741536622,0.12896115981779888,0.4410371962077572,0.4589033988219049,ASP.NET,HTML/CSS
frozenset({'Microsoft SQL Server'}),frozenset({'MySQL'}),0.24491195262583762,0.32971793673055944,0.10316347202742715,0.42122677526088065,1.2775367316613437,1.0,0.022411608326983454,1.158108279061404,0.2877063703987101,0.2188140411185298,0.13652288125385267,0.36705539538164556,Microsoft SQL Server,MySQL
"frozenset({'Slack (public channels, not work)'})",frozenset({'npm'}),0.1477325853202431,0.43338008415147267,0.08175159731961976,0.5533755274261603,1.2768826894979037,1.0,0.017727237061618176,1.2686718947198956,0.2544303535394831,0.16371239545624763,0.21177413627438677,0.3710063541481754,"Slack (public channels, not work)",npm
frozenset({'Hacker News'}),frozenset({'Docker'}),0.18447872837774662,0.5427146641732897,0.127785569580801,0.6926845750971448,1.2763328887608045,1.0,0.027666258462156715,1.4879999465411202,0.2654809257218919,0.21318635607321132,0.3279569651030459,0.46407042170121693,Hacker News,Docker
frozenset({'Hacker News'}),frozenset({'npm'}),0.18447872837774662,0.43338008415147267,0.10204145239208352,0.5531339753336711,1.2763253217246198,1.0,0.02209204556357902,1.267986117923415,0.265475229784967,0.19782477341389726,0.21134783270521662,0.39429442384087365,Hacker News,npm
frozenset({'Make'}),frozenset({'Discord'}),0.17709209911173446,0.3664017453638772,0.08274894810659186,0.4672650475184794,1.2752806268824781,1.0,0.017862093901899634,1.1893311142525436,0.26231229930000677,0.17959818710681186,0.15919125631513661,0.346553585344813,Make,Discord
frozenset({'Amazon Web Services (AWS)'}),frozenset({'Medium'}),0.3306841203054387,0.2757674925977871,0.11625370110643603,0.35155513666352495,1.2748244303627034,1.0,0.025061770407900225,1.1168760034211451,0.32208746999909493,0.23715666327568666,0.1046454602508585,0.3865596659809487,Amazon Web Services (AWS),Medium
frozenset({'Medium'}),frozenset({'Amazon Web Services (AWS)'}),0.2757674925977871,0.3306841203054387,0.11625370110643603,0.4215641952983725,1.2748244303627032,1.0,0.025061770407900225,1.1571135020589056,0.2976644325098147,0.23715666327568666,0.13578054510585713,0.3865596659809487,Medium,Amazon Web Services (AWS)
frozenset({'Kubernetes'}),frozenset({'TypeScript'}),0.2179523141654979,0.43182172354682874,0.11996259934548854,0.5504075504075504,1.2746175571870266,1.0,0.025846055391523348,1.263762941233151,0.2754959178127841,0.2264250838284605,0.20871235627132498,0.4141066983362184,Kubernetes,TypeScript
frozenset({'Hacker News'}),frozenset({'PostgreSQL'}),0.18447872837774662,0.4527037556490572,0.10643602929717937,0.5769555668187193,1.2744660489761521,1.0,0.022921816123211175,1.2937086542784464,0.26407364893742385,0.20054025485935756,0.22702843743613946,0.4060337214472254,Hacker News,PostgreSQL
frozenset({'Elasticsearch'}),frozenset({'Bash/Shell (all shells)'}),0.13545270375564905,0.48290478416705623,0.0832787907121708,0.6148182236539347,1.273166561632664,1.0,0.017868032040204887,1.342470614103927,0.24817244274204406,0.15563839701770738,0.25510473786610177,0.3936360383791811,Elasticsearch,Bash/Shell (all shells)
frozenset({'Microsoft SQL Server'}),frozenset({'SQLite'}),0.24491195262583762,0.30525167523765,0.09515349851955743,0.38852125222702977,1.2727899099146671,1.0,0.02039371469479652,1.136177385220093,0.28384025148316366,0.20912391259675323,0.11985574347064956,0.35012135717334747,Microsoft SQL Server,SQLite
frozenset({'Amazon Web Services (AWS)'}),frozenset({'MySQL'}),0.3306841203054387,0.32971793673055944,0.13856942496493688,0.4190386427898209,1.2709003548455813,1.0,0.029536939108267532,1.1537463808060944,0.31846883858402747,0.2655438093531625,0.13325838621368008,0.4196526043139009,Amazon Web Services (AWS),MySQL
frozenset({'MySQL'}),frozenset({'Amazon Web Services (AWS)'}),0.32971793673055944,0.3306841203054387,0.13856942496493688,0.4202665658379809,1.270900354845581,1.0,0.029536939108267532,1.154523510727012,0.3180097790659346,0.2655438093531625,0.1338418051181195,0.4196526043139009,MySQL,Amazon Web Services (AWS)
frozenset({'SQLite'}),frozenset({'SQL'}),0.30525167523765,0.5805828268661368,0.22502727131058126,0.7371860322646517,1.2697344774109594,1.0,0.04780339079548249,1.5958709377129194,0.3057708221309893,0.3405339118951042,0.3733829118831352,0.5623873043006746,SQLite,SQL
frozenset({'SQL'}),frozenset({'SQLite'}),0.5805828268661368,0.30525167523765,0.22502727131058126,0.3875885763366974,1.2697344774109594,1.0,0.04780339079548249,1.1344470366122945,0.5064975400254056,0.3405339118951042,0.11851327763505162,0.5623873043006746,SQL,SQLite
frozenset({'Hacker News'}),frozenset({'Bash/Shell (all shells)'}),0.18447872837774662,0.48290478416705623,0.11294997662459093,0.6122655854029396,1.2678805542567007,1.0,0.0238643161139222,1.3336324978279712,0.2590762214551718,0.20372140086570353,0.2501682422791464,0.4230812888935442,Hacker News,Bash/Shell (all shells)
frozenset({'SQLite'}),frozenset({'npm'}),0.30525167523765,0.43338008415147267,0.16764843384759234,0.5492138043700224,1.2672797492421553,1.0,0.035358437145721566,1.2569593331416706,0.3035750337090418,0.2936135371179039,0.2044293131579851,0.4680265354104697,SQLite,npm
frozenset({'npm'}),frozenset({'SQLite'}),0.43338008415147267,0.30525167523765,0.16764843384759234,0.38683926645091693,1.2672797492421553,1.0,0.035358437145721566,1.1330606915107293,0.3722217313755914,0.2936135371179039,0.11743474335281813,0.4680265354104697,npm,SQLite
frozenset({'MariaDB'}),frozenset({'HTML/CSS'}),0.18263986286426678,0.6137447405329594,0.1419666510830606,0.7773037542662116,1.266493548427351,1.0,0.029872395838455912,1.7344489045799676,0.25743658431688105,0.21693575272657997,0.42344799125566024,0.5043079811347309,MariaDB,HTML/CSS
frozenset({'PowerShell'}),frozenset({'SQLite'}),0.22973352033660588,0.30525167523765,0.08879538725261026,0.3865147198480532,1.2662165393429432,1.0,0.018668845311618568,1.1324612785986914,0.27295185671005034,0.1990081028220173,0.1169676006605709,0.33870355146987097,PowerShell,SQLite
frozenset({'Node.js'}),frozenset({'Docker'}),0.3597631291880941,0.5427146641732897,0.24715599189652485,0.6869964480637616,1.2658520091957612,1.0,0.0519072660572765,1.4609589348042393,0.3280320895165969,0.377152097403215,0.31551806407618527,0.5712016639905324,Node.js,Docker
frozenset({'Docker'}),frozenset({'Node.js'}),0.5427146641732897,0.3597631291880941,0.24715599189652485,0.4554068799173031,1.2658520091957612,1.0,0.0519072660572765,1.17562423615393,0.45927175455629327,0.377152097403215,0.14938807039950688,0.5712016639905324,Docker,Node.js
frozenset({'MySQL'}),frozenset({'npm'}),0.32971793673055944,0.43338008415147267,0.18086333177497274,0.5485395595046791,1.2657239674007645,1.0,0.037970144608432954,1.2550820958462252,0.3132089231449166,0.3106364755634067,0.20323937110603024,0.4829357272532385,MySQL,npm
frozenset({'npm'}),frozenset({'MySQL'}),0.43338008415147267,0.32971793673055944,0.18086333177497274,0.4173318950017979,1.2657239674007643,1.0,0.037970144608432954,1.150366834085605,0.37050996155965776,0.3106364755634067,0.1307120734275405,0.4829357272532385,npm,MySQL
frozenset({'Docker'}),frozenset({'React'}),0.5427146641732897,0.3301542776998597,0.2267103007635967,0.4177338769884569,1.2652687098248503,1.0,0.04753073281634229,1.1504116345213868,0.458475341208691,0.35085857611421956,0.13074592607363855,0.552206879965011,Docker,React
frozenset({'React'}),frozenset({'Docker'}),0.3301542776998597,0.5427146641732897,0.2267103007635967,0.6866798829415652,1.2652687098248503,1.0,0.04753073281634229,1.459482844957018,0.3129885634754287,0.35085857611421956,0.3148257936327781,0.552206879965011,React,Docker
frozenset({'Bluesky'}),"frozenset({'GitHub (public projects, not private repos)'})",0.10172978027115474,0.6298581891849774,0.08103475144148356,0.7965686274509804,1.2646793216767138,1.0,0.016959416253708393,1.8194922748497502,0.23298748508699588,0.1245628323671729,0.45039612763259584,0.4626120884793128,Bluesky,"GitHub (public projects, not private repos)"
frozenset({'C++'}),frozenset({'Pip'}),0.23266323827333646,0.31245130123110487,0.09181860682561944,0.3946416610850636,1.2630501442308495,1.0,0.01912267527847286,1.1357714176388143,0.2714138131092951,0.20255775577557755,0.11954114668695674,0.34425349887170886,C++,Pip
frozenset({'Discord'}),frozenset({'YouTube'}),0.3664017453638772,0.5701106436029297,0.2638304503662147,0.7200578428036747,1.2630142076512083,1.0,0.054940915499577914,1.535636363963524,0.3286676812622553,0.3922068294491034,0.34880416779206136,0.5914142264532258,Discord,YouTube
frozenset({'YouTube'}),frozenset({'Discord'}),0.5701106436029297,0.3664017453638772,0.2638304503662147,0.4627706101027771,1.263014207651208,1.0,0.054940915499577914,1.1793812225301674,0.4844113167824539,0.3922068294491034,0.15209774337879892,0.5914142264532258,YouTube,Discord
frozenset({'ASP.NET'}),frozenset({'JavaScript'}),0.10465949820788531,0.6544491195262584,0.08639551192145863,0.8254913639070875,1.261353005570002,1.0,0.017901195469248066,1.9801362741140347,0.23142092317432586,0.12842846553002224,0.4949842528149097,0.478751968266526,ASP.NET,JavaScript
frozenset({'TypeScript'}),frozenset({'Docker'}),0.43182172354682874,0.5427146641732897,0.2955898394888577,0.6845182244677012,1.2612856619793367,1.0,0.06123385781140939,1.4494825732965158,0.36460069712352083,0.43536540580242367,0.3100986390434972,0.6145843864542606,TypeScript,Docker
frozenset({'Docker'}),frozenset({'TypeScript'}),0.5427146641732897,0.43182172354682874,0.2955898394888577,0.54465054844082,1.2612856619793364,1.0,0.06123385781140939,1.2477851340495736,0.4530173601800562,0.43536540580242367,0.1985799696502308,0.6145843864542606,Docker,TypeScript
frozenset({'React'}),frozenset({'MySQL'}),0.3301542776998597,0.32971793673055944,0.137260402057036,0.41574624752194844,1.2609148645185477,1.0,0.028402614811070093,1.1472447723724648,0.3089144823420768,0.26264312977099236,0.1283464313094818,0.41602134192904305,React,MySQL
frozenset({'MySQL'}),frozenset({'React'}),0.32971793673055944,0.3301542776998597,0.137260402057036,0.4162964363361376,1.2609148645185477,1.0,0.028402614811070093,1.1475786066742,0.30871338484589944,0.26264312977099236,0.12859999813162926,0.41602134192904305,MySQL,React
frozenset({'Go'}),frozenset({'Python'}),0.1625370110643603,0.5730403615396603,0.11743805516596541,0.7225311601150527,1.2608730703954891,1.0,0.024297787582068617,1.5387660777959027,0.2470542092658131,0.18998638632582057,0.35012864240393204,0.46373485015433913,Go,Python
frozenset({'Cloudflare'}),frozenset({'HTML/CSS'}),0.15343618513323984,0.6137447405329594,0.11871591086177341,0.7737152143002234,1.2606465900275576,1.0,0.024545259228806016,1.7069431259930348,0.24422999066944265,0.18307219071421704,0.41415739940471774,0.48357200893763963,Cloudflare,HTML/CSS
frozenset({'Cloudflare'}),frozenset({'Reddit'}),0.15343618513323984,0.5059685211157862,0.09783387875954495,0.6376193378021531,1.2601956667107357,1.0,0.020199999082031614,1.3632942660016727,0.2438947075748756,0.1742146742146742,0.2664826479958414,0.41548947671184405,Cloudflare,Reddit
frozenset({'Microsoft Azure'}),frozenset({'SQL'}),0.20087268193860058,0.5805828268661368,0.14695340501792115,0.7315748642358417,1.2600697615958225,1.0,0.03033017549782603,1.562510798177889,0.25827316973909076,0.23160428332842123,0.3600044229030974,0.49234422833866387,Microsoft Azure,SQL
frozenset({'Cloudflare'}),frozenset({'JavaScript'}),0.15343618513323984,0.6544491195262584,0.126507713884993,0.8244972577696527,1.2598340087407993,1.0,0.026091537621076202,1.9689201210326737,0.24362562409888208,0.18566462354770835,0.4921073794118612,0.5089006909859788,Cloudflare,JavaScript
frozenset({'Amazon Web Services (AWS)'}),frozenset({'LinkedIn'}),0.3306841203054387,0.35053763440860214,0.14589371980676327,0.44118755890669176,1.2586025453473109,1.0,0.02997649053840519,1.1622188731531002,0.3069821056016456,0.2725314392175127,0.1395768705020254,0.42869371721452665,Amazon Web Services (AWS),LinkedIn
frozenset({'LinkedIn'}),frozenset({'Amazon Web Services (AWS)'}),0.35053763440860214,0.3306841203054387,0.14589371980676327,0.4161998755223615,1.2586025453473109,1.0,0.02997649053840519,1.1464812212800382,0.31636628840557346,0.2725314392175127,0.12776591413899732,0.42869371721452665,LinkedIn,Amazon Web Services (AWS)
frozenset({'MariaDB'}),frozenset({'Docker'}),0.18263986286426678,0.5427146641732897,0.12466884837151317,0.6825938566552902,1.2577398432656626,1.0,0.02554751653247693,1.4406946601852273,0.25071325071496664,0.20754423286462925,0.3058903960458686,0.45615364457412755,MariaDB,Docker
frozenset({'Dev.to'}),frozenset({'JavaScript'}),0.10777621941717314,0.6544491195262584,0.08870188561633162,0.8230190861769809,1.2575753586050307,1.0,0.01816783371289382,1.9524753998009783,0.2295601499216139,0.13169828782970847,0.487829654549331,0.47927790197981346,Dev.to,JavaScript
frozenset({'Make'}),"frozenset({'GitHub (public projects, not private repos)'})",0.17709209911173446,0.6298581891849774,0.1402524544179523,0.791974656810982,1.2573856630105575,1.0,0.0287095455524687,1.7793111413290676,0.24875087426933803,0.21036884671123368,0.43798474770801266,0.5073238616332608,Make,"GitHub (public projects, not private repos)"
frozenset({'Redis'}),frozenset({'SQL'}),0.2279881564594047,0.5805828268661368,0.16630824372759856,0.7294600136705399,1.2564271279052648,1.0,0.03394223535839827,1.5502964231804994,0.26436423491927824,0.25894113650701217,0.3549620672229526,0.5079552591436229,Redis,SQL
frozenset({'MySQL'}),frozenset({'Java'}),0.32971793673055944,0.2915069347046907,0.12067944522362474,0.3660081293127895,1.2555726322036618,1.0,0.024564380170144215,1.1175112774353775,0.30367910252606795,0.24109589041095886,0.10515444435161225,0.3899964735091692,MySQL,Java
frozenset({'Java'}),frozenset({'MySQL'}),0.2915069347046907,0.32971793673055944,0.12067944522362474,0.41398481770554896,1.2555726322036618,1.0,0.024564380170144215,1.1437964126544566,0.2873008436972382,0.24109589041095886,0.12571853790023893,0.3899964735091692,Java,MySQL
frozenset({'Kubernetes'}),frozenset({'LinkedIn'}),0.2179523141654979,0.35053763440860214,0.09590151160978651,0.44001144001144,1.255247359541838,1.0,0.01950102298833241,1.1597779169000624,0.26001518182992345,0.20292818043922706,0.13776595895801194,0.35679775343685716,Kubernetes,LinkedIn
frozenset({'Node.js'}),frozenset({'Pip'}),0.3597631291880941,0.31245130123110487,0.14087579865980987,0.391579312137226,1.2532491002416855,1.0,0.028467340810015784,1.1300547671777526,0.31562386106427326,0.26513374002815576,0.11508713644256106,0.4212260650461691,Node.js,Pip
frozenset({'Pip'}),frozenset({'Node.js'}),0.31245130123110487,0.3597631291880941,0.14087579865980987,0.4508728179551122,1.2532491002416855,1.0,0.028467340810015784,1.1659172806338525,0.2939050477779829,0.26513374002815576,0.14230621965192167,0.4212260650461691,Pip,Node.js
frozenset({'SQLite'}),frozenset({'Node.js'}),0.30525167523765,0.3597631291880941,0.13757207417796477,0.450684092301409,1.2527245171524481,1.0,0.02775377630455994,1.1655167124036816,0.2903783880868773,0.2608284583111741,0.14201144491727716,0.416540174886735,SQLite,Node.js
frozenset({'Node.js'}),frozenset({'SQLite'}),0.3597631291880941,0.30525167523765,0.13757207417796477,0.38239625747206096,1.252724517152448,1.0,0.02775377630455994,1.1249095122361912,0.31510196908015686,0.2608284583111741,0.11103960885519157,0.416540174886735,Node.js,SQLite
frozenset({'APT'}),"frozenset({'GitHub (public projects, not private repos)'})",0.14075112981143836,0.6298581891849774,0.11083060620227521,0.7874224977856511,1.2501583869292205,1.0,0.022177354453502954,1.7412087683756696,0.23287939237926433,0.16798148235627572,0.42568632885252744,0.4816918515945921,APT,"GitHub (public projects, not private repos)"
frozenset({'Dev.to'}),frozenset({'HTML/CSS'}),0.10777621941717314,0.6137447405329594,0.08243727598566308,0.764893001735107,1.2462721897557845,1.0,0.016290188163846864,1.6428913742152849,0.22147702114472417,0.12899292855401123,0.39131703063591605,0.4496057533558736,Dev.to,HTML/CSS
frozenset({'PostgreSQL'}),frozenset({'SQL'}),0.4527037556490572,0.5805828268661368,0.32728689418731494,0.722960413080895,1.245232169513663,1.0,0.06445486799966849,1.5139250595848315,0.3598360249452326,0.46357937488963447,0.3394653231552735,0.6433408464373769,PostgreSQL,SQL
frozenset({'SQL'}),frozenset({'PostgreSQL'}),0.5805828268661368,0.4527037556490572,0.32728689418731494,0.5637212797938587,1.245232169513663,1.0,0.06445486799966849,1.2544646782046711,0.4695489780811685,0.46357937488963447,0.20284722449806125,0.6433408464373769,SQL,PostgreSQL
frozenset({'Cloudflare'}),frozenset({'Bash/Shell (all shells)'}),0.15343618513323984,0.48290478416705623,0.09219261337073399,0.6008531383302864,1.2442476405916638,1.0,0.01809754550555033,1.2955011437891004,0.23188029810768038,0.16942551119766314,0.22809794125292265,0.3958828748318529,Cloudflare,Bash/Shell (all shells)
frozenset({'pnpm'}),"frozenset({'GitHub (public projects, not private repos)'})",0.10254012778556958,0.6298581891849774,0.08034907277544023,0.7835866261398177,1.2440683309266194,1.0,0.0157633335696252,1.710346288737956,0.21860100647268335,0.12322546723387984,0.415323080136077,0.45557677588350676,pnpm,"GitHub (public projects, not private repos)"
frozenset({'Stack Exchange'}),frozenset({'Pip'}),0.43721365123889666,0.31245130123110487,0.1698301386940938,0.3884374108925007,1.2431934492255248,1.0,0.03322216444849807,1.1242491136880826,0.3475918659852779,0.2928940012900451,0.11051742196218885,0.4659892790123351,Stack Exchange,Pip
frozenset({'Pip'}),frozenset({'Stack Exchange'}),0.31245130123110487,0.43721365123889666,0.1698301386940938,0.5435411471321695,1.2431934492255245,1.0,0.03322216444849807,1.2329399358238768,0.2845179657341869,0.2928940012900451,0.18893048157144923,0.4659892790123351,Pip,Stack Exchange
frozenset({'Stack Overflow'}),frozenset({'Stack Exchange'}),0.7923952002493377,0.43721365123889666,0.4305750350631136,0.5433842039018251,1.2428344868969246,1.0,0.08412903633792401,1.2325161625378838,0.9411518031369014,0.5388696025275969,0.18865161334607397,0.7641001430116483,Stack Overflow,Stack Exchange
frozenset({'Stack Exchange'}),frozenset({'Stack Overflow'}),0.43721365123889666,0.7923952002493377,0.4305750350631136,0.9848160821214714,1.2428344868969246,1.0,0.08412903633792401,13.672676670902845,0.34717905303732066,0.5388696025275969,0.9268614314468414,0.7641001430116483,Stack Exchange,Stack Overflow
frozenset({'Microsoft Azure'}),frozenset({'TypeScript'}),0.20087268193860058,0.43182172354682874,0.10777621941717314,0.5365399534522887,1.242503385529894,1.0,0.021035031688972694,1.22594877527308,0.24423294600956974,0.20532003325020784,0.18430523348966985,0.3930624704107347,Microsoft Azure,TypeScript
frozenset({'MariaDB'}),frozenset({'JavaScript'}),0.18263986286426678,0.6544491195262584,0.14841826398628644,0.8126279863481229,1.2416977303542969,1.0,0.028889766544370463,1.844196866644924,0.23814596729991053,0.21551412020275162,0.45775854081171863,0.5197057447694515,MariaDB,JavaScript
frozenset({'Firebase'}),frozenset({'JavaScript'}),0.09967274427302478,0.6544491195262584,0.08097241701729781,0.8123827392120075,1.2413229920762578,1.0,0.015741677287050823,1.8417861929250432,0.21593025815091707,0.12028891564033709,0.45704881280934984,0.4680544041807252,Firebase,JavaScript
frozenset({'MongoDB'}),frozenset({'JavaScript'}),0.1952937509739754,0.6544491195262584,0.15857877512856475,0.8120012767315671,1.2407401163888145,1.0,0.03076895175466618,1.838049080686302,0.24111835270257057,0.22943722943722944,0.4559448871590448,0.5271550340225127,MongoDB,JavaScript
frozenset({'Rust'}),frozenset({'PostgreSQL'}),0.14714040829047842,0.4527037556490572,0.08262427925822036,0.5615335733954671,1.240399635276665,1.0,0.016013263817385104,1.248205589169469,0.22724515702387102,0.15974691172039773,0.1988499261044169,0.372023241086718,Rust,PostgreSQL
frozenset({'Medium'}),frozenset({'Stack Exchange'}),0.2757674925977871,0.43721365123889666,0.1494467819853514,0.5419303797468356,1.239509283873483,1.0,0.028877469653677504,1.228604395222858,0.2668053623264434,0.26519550909794815,0.1860683521170305,0.4418733735061523,Medium,Stack Exchange
frozenset({'Microsoft Azure'}),frozenset({'LinkedIn'}),0.20087268193860058,0.35053763440860214,0.0871435250116877,0.43382467028704425,1.2375979857881938,1.0,0.01673009026761911,1.147104671481655,0.24024103131507238,0.1877013963480129,0.12823997246183969,0.3412121484270644,Microsoft Azure,LinkedIn
frozenset({'Reddit'}),frozenset({'Stack Exchange'}),0.5059685211157862,0.43721365123889666,0.27377279102384294,0.5410866083528398,1.2375794004135205,1.0,0.052556446494865294,1.2263454477567455,0.38858057601302876,0.4089766272464848,0.18456907731078623,0.5836314136717151,Reddit,Stack Exchange
frozenset({'Stack Exchange'}),frozenset({'Reddit'}),0.43721365123889666,0.5059685211157862,0.27377279102384294,0.6261762189905903,1.2375794004135203,1.0,0.052556446494865294,1.3215624686856888,0.3411081968423614,0.4089766272464848,0.24331991586102392,0.5836314136717151,Stack Exchange,Reddit
frozenset({'MariaDB'}),frozenset({'Bash/Shell (all shells)'}),0.18263986286426678,0.48290478416705623,0.10908524232507402,0.5972696245733788,1.2368268945680174,1.0,0.02088757876830452,1.2839737138902758,0.23426566798311327,0.19603450207236475,0.22116785633396785,0.4115817594920592,MariaDB,Bash/Shell (all shells)
frozenset({'Kubernetes'}),frozenset({'Node.js'}),0.2179523141654979,0.3597631291880941,0.09693002960885148,0.4447304447304447,1.2361757185459863,1.0,0.018518823050885383,1.153019942721519,0.24429906304926477,0.2016076753532996,0.13271231229560504,0.3570789016513698,Kubernetes,Node.js
frozenset({'PostgreSQL'}),frozenset({'MySQL'}),0.4527037556490572,0.32971793673055944,0.1845098955898395,0.40757314974182446,1.236126714194767,1.0,0.035245347327057,1.1314174281218623,0.34902751377516467,0.3085904920767306,0.11615291125576295,0.48358617785796204,PostgreSQL,MySQL
frozenset({'MySQL'}),frozenset({'PostgreSQL'}),0.32971793673055944,0.4527037556490572,0.1845098955898395,0.5595992059740996,1.2361267141947667,1.0,0.035245347327057,1.2427231098923854,0.28498666148478985,0.3085904920767306,0.19531551957169627,0.48358617785796204,MySQL,PostgreSQL
frozenset({'Node.js'}),frozenset({'Discord'}),0.3597631291880941,0.3664017453638772,0.1626616799127318,0.4521354933726068,1.2339883723086158,1.0,0.03084384146064409,1.1564871368223852,0.29617099724501833,0.2886615044247788,0.135312475028781,0.44803950578803864,Node.js,Discord
frozenset({'Discord'}),frozenset({'Node.js'}),0.3664017453638772,0.3597631291880941,0.1626616799127318,0.44394351820347056,1.2339883723086158,1.0,0.03084384146064409,1.1513881984495589,0.2992741711548609,0.2886615044247788,0.1314831945067838,0.44803950578803864,Discord,Node.js
frozenset({'Medium'}),frozenset({'TypeScript'}),0.2757674925977871,0.43182172354682874,0.14692223780582828,0.5327757685352623,1.2337863972178917,1.0,0.027839843854064517,1.2160719376046591,0.2616382563549068,0.26204902996275503,0.17768022673910538,0.43650697484864887,Medium,TypeScript
frozenset({'ASP.NET Core'}),frozenset({'HTML/CSS'}),0.1453015427769986,0.6137447405329594,0.10998909147576749,0.7569712569712569,1.2333649593704437,1.0,0.02081103380505979,1.5893398231556424,0.22137629764277653,0.16945978391356542,0.37080793834606446,0.4680905441874363,ASP.NET Core,HTML/CSS
frozenset({'Angular'}),frozenset({'SQL'}),0.13445535296867694,0.5805828268661368,0.09627551815490104,0.7160407974038016,1.2333137741411302,1.0,0.01821304924106236,1.4770332121628453,0.21856334175710454,0.15559361305596134,0.322967153503825,0.44093321811353914,Angular,SQL
frozenset({'Angular'}),frozenset({'Docker'}),0.13445535296867694,0.5427146641732897,0.08997974131213964,0.6692165044042653,1.2330908828927152,1.0,0.017008849579443,1.3824309311537692,0.21839401138089695,0.15323779193205944,0.27663655560324774,0.4175060871530314,Angular,Docker
frozenset({'LinkedIn'}),frozenset({'React'}),0.35053763440860214,0.3301542776998597,0.14237182484026803,0.40615275184493643,1.2301907904224287,1.0,0.0266403253454785,1.127976469338176,0.2881120898620987,0.26447429365446967,0.11345668355410321,0.4186904606954315,LinkedIn,React
frozenset({'React'}),frozenset({'LinkedIn'}),0.3301542776998597,0.35053763440860214,0.14237182484026803,0.4312281695459266,1.2301907904224285,1.0,0.0266403253454785,1.141868023022353,0.27934485988025365,0.26447429365446967,0.12424204913528432,0.4186904606954315,React,LinkedIn
frozenset({'Maven (build tool)'}),frozenset({'SQL'}),0.12535452703755648,0.5805828268661368,0.08951223313074645,0.7140726006961711,1.2299237381005288,1.0,0.01673354746281433,1.4668659742125199,0.21373398115283193,0.14521185155222974,0.31827445889400674,0.43412455458901317,Maven (build tool),SQL
frozenset({'Microsoft Azure'}),frozenset({'Amazon Web Services (AWS)'}),0.20087268193860058,0.3306841203054387,0.08165809568334112,0.4065166795965865,1.2293202323144652,1.0,0.015232689563080798,1.127775384217372,0.23343252432387362,0.18150329061309314,0.1132986107034448,0.3267267658114883,Microsoft Azure,Amazon Web Services (AWS)
frozenset({'Pip'}),frozenset({'Discord'}),0.31245130123110487,0.3664017453638772,0.1407199625993455,0.45037406483790526,1.2291810029197168,1.0,0.026237260487054118,1.1527808534894974,0.2711810335047174,0.2614965828796479,0.13253243496109943,0.4172166343243626,Pip,Discord
frozenset({'Discord'}),frozenset({'Pip'}),0.3664017453638772,0.31245130123110487,0.1407199625993455,0.38405920381082004,1.2291810029197168,1.0,0.026237260487054118,1.1162577686406756,0.2942719070841687,0.2614965828796479,0.1041495718164171,0.4172166343243626,Discord,Pip
frozenset({'PowerShell'}),frozenset({'npm'}),0.22973352033660588,0.43338008415147267,0.12233130746454729,0.5324921991588658,1.2286955922338878,1.0,0.02276937508865498,1.2120009865697896,0.24164204099999534,0.22621174572070774,0.1749181633670082,0.40738238149241385,PowerShell,npm
frozenset({'Medium'}),frozenset({'Docker'}),0.2757674925977871,0.5427146641732897,0.1837618824996104,0.666365280289331,1.227837249071566,1.0,0.034098820364492216,1.370616751827484,0.2562158009710453,0.28951632703167196,0.27040144616161277,0.5024814398919807,Medium,Docker
frozenset({'Medium'}),"frozenset({'GitHub (public projects, not private repos)'})",0.2757674925977871,0.6298581891849774,0.213059061866916,0.7726039783001809,1.226631631637454,1.0,0.03936464834319217,1.6277409254927044,0.25511051020732195,0.3076369200306017,0.3856516203908138,0.555434553848987,Medium,"GitHub (public projects, not private repos)"
"frozenset({'Slack (public channels, not work)'})",frozenset({'YouTube'}),0.1477325853202431,0.5701106436029297,0.1032258064516129,0.6987341772151898,1.2256115283156224,1.0,0.01900188715356438,1.4269436619902751,0.21598946367006658,0.16795131845841785,0.29920148451746287,0.4398984684457755,"Slack (public channels, not work)",YouTube
frozenset({'PowerShell'}),frozenset({'HTML/CSS'}),0.22973352033660588,0.6137447405329594,0.17269752220663862,0.7517297517297518,1.2248247554463276,1.0,0.031699782375925106,1.555785528705769,0.2383028165987167,0.25745748536381374,0.3572378830185657,0.5165565272969295,PowerShell,HTML/CSS
frozenset({'Yarn'}),frozenset({'Bash/Shell (all shells)'}),0.16135265700483092,0.48290478416705623,0.09537166900420757,0.5910759126907476,1.224000946087688,1.0,0.01745369899850864,1.2645261843963864,0.2182170717749465,0.1737550394639714,0.20918996194820297,0.3942858587592114,Yarn,Bash/Shell (all shells)
frozenset({'YouTube'}),frozenset({'Reddit'}),0.5701106436029297,0.5059685211157862,0.3530621785881253,0.6192871200524819,1.2239637333302873,1.0,0.0646041393719819,1.2976484508543995,0.42564982196406026,0.4883179584446934,0.22937526003935915,0.6585409359040283,YouTube,Reddit
frozenset({'Reddit'}),frozenset({'YouTube'}),0.5059685211157862,0.5701106436029297,0.3530621785881253,0.6977947517555747,1.2239637333302873,1.0,0.0646041393719819,1.4225079110782792,0.3703859689830473,0.4883179584446934,0.2970162118522159,0.6585409359040283,Reddit,YouTube
frozenset({'Docker'}),frozenset({'SQLite'}),0.5427146641732897,0.30525167523765,0.2027427146641733,0.37357146959168436,1.2238146418061253,1.0,0.037078154249237966,1.1090623926555556,0.3999314657712336,0.31422084822722435,0.09833747260549962,0.5188768109649252,Docker,SQLite
frozenset({'SQLite'}),frozenset({'Docker'}),0.30525167523765,0.5427146641732897,0.2027427146641733,0.6641821523381661,1.2238146418061253,1.0,0.037078154249237966,1.3617064697740344,0.2632360354311399,0.31422084822722435,0.26562734172369545,0.5188768109649252,SQLite,Docker
"frozenset({'Slack (public channels, not work)'})",frozenset({'Reddit'}),0.1477325853202431,0.5059685211157862,0.09141343306841203,0.6187763713080169,1.2229542856608182,1.0,0.016665395353316917,1.2959099114062942,0.21390932508225854,0.16257413668865361,0.22834142157704387,0.3997232848285803,"Slack (public channels, not work)",Reddit
frozenset({'Webpack'}),frozenset({'SQL'}),0.1402524544179523,0.5805828268661368,0.09954807542465327,0.7097777777777778,1.2225263044878678,1.0,0.018119908963764517,1.4451587129421015,0.21171527772812204,0.16022875489114077,0.30803448019618057,0.4406200462863551,Webpack,SQL
frozenset({'Terraform'}),frozenset({'Python'}),0.1355462053919277,0.5730403615396603,0.0949041608228144,0.7001609565417337,1.2218353252823628,1.0,0.01723071427969511,1.4239627819509335,0.21002753856085268,0.1546470289487049,0.29773445438656293,0.4328880492487848,Terraform,Python
frozenset({'C++'}),frozenset({'Discord'}),0.23266323827333646,0.3664017453638772,0.10412965560230637,0.4475552578700603,1.2214877891086156,1.0,0.01888143901694425,1.1468988775117985,0.23630594798494725,0.21039042821158688,0.1280835480722556,0.3658752811977045,C++,Discord
frozenset({'C++'}),frozenset({'Stack Exchange'}),0.23266323827333646,0.43721365123889666,0.12413900576593424,0.533556597454789,1.2203566744608574,1.0,0.022415461851383406,1.206547987794841,0.2353170654403882,0.22747001713306686,0.17118920248861416,0.40874436659166596,C++,Stack Exchange
frozenset({'Redis'}),frozenset({'LinkedIn'}),0.2279881564594047,0.35053763440860214,0.09752220663861617,0.42775119617224877,1.2202718173012006,1.0,0.017603777600158188,1.13493005358363,0.23381824191962033,0.20274735955420203,0.11888843119236982,0.35297935908905853,Redis,LinkedIn
frozenset({'Bash/Shell (all shells)'}),frozenset({'Docker'}),0.48290478416705623,0.5427146641732897,0.31980676328502416,0.6622563572995999,1.220266193301422,1.0,0.0577272555181253,1.3539420969422988,0.3490782153510806,0.4531043009803055,0.2614159776416072,0.6257643700010892,Bash/Shell (all shells),Docker
frozenset({'Docker'}),frozenset({'Bash/Shell (all shells)'}),0.5427146641732897,0.48290478416705623,0.31980676328502416,0.5892723827025785,1.220266193301422,1.0,0.0577272555181253,1.2589735728885698,0.3947353238065553,0.4531043009803055,0.20570215170949505,0.6257643700010892,Docker,Bash/Shell (all shells)
frozenset({'Vite'}),frozenset({'Reddit'}),0.1937042231572386,0.5059685211157862,0.11955742558828113,0.6172164119066774,1.219871170138336,1.0,0.021549186263530903,1.290628684853043,0.22354241327758556,0.20609251598345243,0.2251838102344171,0.4267553046351177,Vite,Reddit
frozenset({'Vue.js'}),frozenset({'SQL'}),0.12971793673055945,0.5805828268661368,0.09184977403771233,0.7080730418068236,1.2195900550983432,1.0,0.016537767635441444,1.4367195675581386,0.20688964797164286,0.14851584941793078,0.3039699447404277,0.433137873705645,Vue.js,SQL
frozenset({'MongoDB'}),frozenset({'Discord'}),0.1952937509739754,0.3664017453638772,0.0871435250116877,0.4462176827322055,1.2178372193316447,1.0,0.015587553796164735,1.144128721484134,0.22228259999276356,0.18363325889925125,0.1259724703853025,0.3420268406855992,MongoDB,Discord
frozenset({'HTML/CSS'}),frozenset({'MySQL'}),0.6137447405329594,0.32971793673055944,0.24618980832164564,0.4011273613650213,1.2165773125434076,1.0,0.04382715879388574,1.1192397515392032,0.46089165106712654,0.35307527266225636,0.10653638005192546,0.57389764419513,HTML/CSS,MySQL
frozenset({'MySQL'}),frozenset({'HTML/CSS'}),0.32971793673055944,0.6137447405329594,0.24618980832164564,0.7466679270252388,1.2165773125434076,1.0,0.04382715879388574,1.5246993992170987,0.26559240359317854,0.35307527266225636,0.34413301368553095,0.57389764419513,MySQL,HTML/CSS
frozenset({'C#'}),frozenset({'SQL'}),0.2753934860526726,0.5805828268661368,0.19445223624746766,0.7060887279311905,1.2161722587326738,1.0,0.03456350761448698,1.427019692649524,0.24530287245937377,0.2939458186101296,0.29923882259584206,0.5205073229520673,C#,SQL
frozenset({'SQLite'}),frozenset({'Discord'}),0.30525167523765,0.3664017453638772,0.13585787751285647,0.44506840923014085,1.2147005707850518,1.0,0.024013130930534088,1.1417592099183416,0.2544113340168817,0.2535629108254319,0.12415858675532832,0.4079288966872038,SQLite,Discord
frozenset({'Discord'}),frozenset({'SQLite'}),0.3664017453638772,0.30525167523765,0.13585787751285647,0.3707893841442667,1.2147005707850518,1.0,0.024013130930534088,1.104158619157251,0.27896517519653263,0.2535629108254319,0.09433302185944088,0.4079288966872038,Discord,SQLite
frozenset({'Cloudflare'}),"frozenset({'GitHub (public projects, not private repos)'})",0.15343618513323984,0.6298581891849774,0.11737572074177965,0.7649807028234816,1.214528469993142,1.0,0.02073268301830626,1.5749422079882078,0.2086495894521348,0.17626134980810634,0.3650560668652247,0.47566665899746996,Cloudflare,"GitHub (public projects, not private repos)"
frozenset({'PowerShell'}),frozenset({'Pip'}),0.22973352033660588,0.31245130123110487,0.0871435250116877,0.37932437932437935,1.2140272030546346,1.0,0.0153629876461127,1.107742395327984,0.22887563338324338,0.1915068493150685,0.09726304218597967,0.32911356123326196,PowerShell,Pip
frozenset({'PowerShell'}),frozenset({'Node.js'}),0.22973352033660588,0.3597631291880941,0.10020258687860371,0.43616876950210287,1.2123776288204948,1.0,0.017552936722909723,1.1355115434924348,0.22742062822326617,0.20479011402000127,0.11933964411814676,0.35734627507419103,PowerShell,Node.js
frozenset({'MySQL'}),frozenset({'JavaScript'}),0.32971793673055944,0.6544491195262584,0.2613370733987845,0.7926079969751395,1.2111071332006549,1.0,0.04555346001345528,1.6661726365231149,0.2600535269629238,0.36154708520179374,0.39982209641448097,0.5959658710468612,MySQL,JavaScript
frozenset({'JavaScript'}),frozenset({'MySQL'}),0.6544491195262584,0.32971793673055944,0.2613370733987845,0.3993237451185827,1.2111071332006547,1.0,0.04555346001345528,1.1158790743305886,0.5044386354166718,0.36154708520179374,0.10384554831813106,0.5959658710468612,JavaScript,MySQL
frozenset({'Rust'}),frozenset({'Reddit'}),0.14714040829047842,0.5059685211157862,0.09013557737260403,0.6125820800677823,1.2107118417503262,1.0,0.0156871625934977,1.275190055665595,0.2040659826451166,0.16010629463544263,0.21580316945144118,0.39536335739252115,Rust,Reddit
frozenset({'Express'}),frozenset({'YouTube'}),0.14676640174536387,0.5701106436029297,0.10126227208976157,0.6899554045444893,1.2102131617543155,1.0,0.017589184331426033,1.3865403967628795,0.20357764399566192,0.16448967193195627,0.2787804795773175,0.4337870178200251,Express,YouTube
frozenset({'PowerShell'}),frozenset({'TypeScript'}),0.22973352033660588,0.43182172354682874,0.12005610098176718,0.5225885225885226,1.2101950737822265,1.0,0.0208521762735336,1.1901227836704535,0.22548941195689912,0.22171060204903878,0.15975056210931146,0.400305448591266,PowerShell,TypeScript
frozenset({'Reddit'}),frozenset({'Pip'}),0.5059685211157862,0.31245130123110487,0.19127318061399406,0.37803375631390906,1.20989656571888,1.0,0.03318265780938892,1.105443753175621,0.3511579188328346,0.3049895636616638,0.09538590531875668,0.4951016661868797,Reddit,Pip
frozenset({'Pip'}),frozenset({'Reddit'}),0.31245130123110487,0.5059685211157862,0.19127318061399406,0.6121695760598503,1.20989656571888,1.0,0.03318265780938892,1.2738337386353507,0.25232113197730105,0.3049895636616638,0.21496819430195566,0.4951016661868797,Pip,Reddit
frozenset({'APT'}),frozenset({'Reddit'}),0.14075112981143836,0.5059685211157862,0.08605267258843696,0.6113817537643933,1.2083395077941703,1.0,0.014837031592367447,1.271251372445077,0.2006613310130064,0.15348268386236033,0.21337351394426596,0.39072845234111003,APT,Reddit
frozenset({'Next.js'}),frozenset({'YouTube'}),0.15371669004207575,0.5701106436029297,0.10587501947950756,0.6887672343876723,1.2081290572560937,1.0,0.0182394983871077,1.3812471047233552,0.20356523513260008,0.17133202199021536,0.27601658198567863,0.43723841710636624,Next.js,YouTube
frozenset({'Medium'}),frozenset({'PostgreSQL'}),0.2757674925977871,0.4527037556490572,0.15078697210534517,0.5467902350813744,1.2078323368389603,1.0,0.025945992520403374,1.2076002917748485,0.23759016207402414,0.26101969247369844,0.17191142896275038,0.4399355650449901,Medium,PostgreSQL
frozenset({'Rust'}),frozenset({'Docker'}),0.14714040829047842,0.5427146641732897,0.09636901979117968,0.654945986019911,1.206796184543091,1.0,0.01651376251949195,1.3252572562540819,0.20092364818470473,0.16237790148093686,0.24542952299951237,0.4162572346684865,Rust,Docker
frozenset({'Pip'}),frozenset({'React'}),0.31245130123110487,0.3301542776998597,0.12448184509895589,0.39840399002493765,1.2067206664731545,1.0,0.02132471142461917,1.113447747646975,0.2491573375475725,0.2402550529355149,0.10188870370138309,0.38772271624347043,Pip,React
frozenset({'React'}),frozenset({'Pip'}),0.3301542776998597,0.31245130123110487,0.12448184509895589,0.3770414424620032,1.2067206664731545,1.0,0.02132471142461917,1.1036828862038046,0.25574217691696677,0.2402550529355149,0.09394264194892898,0.38772271624347043,React,Pip
frozenset({'Pip'}),"frozenset({'GitHub (public projects, not private repos)'})",0.31245130123110487,0.6298581891849774,0.23743182172354682,0.7599002493765586,1.206462442537824,1.0,0.040631810921633205,1.5416168065727471,0.24889936560520043,0.33684117438981254,0.3513303722841769,0.5684305047169794,Pip,"GitHub (public projects, not private repos)"
"frozenset({'GitHub (public projects, not private repos)'})",frozenset({'Pip'}),0.6298581891849774,0.31245130123110487,0.23743182172354682,0.37696076005740015,1.2064624425378239,1.0,0.040631810921633205,1.1035399613549837,0.4623374878116134,0.33684117438981254,0.09382529403634106,0.5684305047169794,"GitHub (public projects, not private repos)",Pip
frozenset({'Flask'}),frozenset({'JavaScript'}),0.10615552438834347,0.6544491195262584,0.08377746610565685,0.7891955372871403,1.2058928856966329,1.0,0.014304076636857219,1.6392009733893647,0.19101639618502997,0.12377970160250505,0.389946677537467,0.45860386446221957,Flask,JavaScript
frozenset({'Rust'}),"frozenset({'GitHub (public projects, not private repos)'})",0.14714040829047842,0.6298581891849774,0.1117032881408758,0.7591611946621478,1.2052890756957304,1.0,0.01902569701909683,1.536886093982165,0.19970874426710278,0.1679003091914176,0.3493336923825373,0.46825396068403546,Rust,"GitHub (public projects, not private repos)"
frozenset({'Bash/Shell (all shells)'}),frozenset({'Python'}),0.48290478416705623,0.5730403615396603,0.33348916939379775,0.6905899057699756,1.205133097282153,1.0,0.05676523728547622,1.3799150267635598,0.3291775464346452,0.46160483175150996,0.27531769666615563,0.6362772220027948,Bash/Shell (all shells),Python
frozenset({'Python'}),frozenset({'Bash/Shell (all shells)'}),0.5730403615396603,0.48290478416705623,0.33348916939379775,0.581964538235614,1.2051330972821528,1.0,0.05676523728547622,1.236964954242064,0.39867031702293587,0.46160483175150996,0.19156965880837054,0.6362772220027948,Python,Bash/Shell (all shells)
frozenset({'Discord'}),frozenset({'React'}),0.3664017453638772,0.3301542776998597,0.14576905095839177,0.39783940115685607,1.2050105905897979,1.0,0.02479994736981296,1.112403773323979,0.26851679859890437,0.26465595291987326,0.10104583966674704,0.4196786923654572,Discord,React
frozenset({'React'}),frozenset({'Discord'}),0.3301542776998597,0.3664017453638772,0.14576905095839177,0.44151798357405836,1.2050105905897976,1.0,0.02479994736981296,1.1345007287627533,0.2539865065474189,0.26465595291987326,0.11855499547314981,0.4196786923654572,React,Discord
frozenset({'ASP.NET Core'}),frozenset({'JavaScript'}),0.1453015427769986,0.6544491195262584,0.11453950444132772,0.7882882882882882,1.2045066068068258,1.0,0.01944703770511401,1.6321764992589494,0.19864847547158002,0.167159426881965,0.38732116259851423,0.48165247827120383,ASP.NET Core,JavaScript
frozenset({'Redis'}),frozenset({'Bash/Shell (all shells)'}),0.2279881564594047,0.48290478416705623,0.13258532024310427,0.5815447710184553,1.204263842656973,1.0,0.022488748755430388,1.2357241110153494,0.21970800855410932,0.229264349232013,0.19075787946037834,0.4280513321982686,Redis,Bash/Shell (all shells)
frozenset({'Vite'}),"frozenset({'GitHub (public projects, not private repos)'})",0.1937042231572386,0.6298581891849774,0.14679756895745674,0.7578439259855189,1.2031977022735105,1.0,0.024791377722155686,1.5285258167543954,0.20945339961279527,0.21691074882564243,0.34577487076838775,0.4954542011044918,Vite,"GitHub (public projects, not private repos)"
frozenset({'Bash/Shell (all shells)'}),frozenset({'SQLite'}),0.48290478416705623,0.30525167523765,0.1773102695963846,0.3671743900864851,1.2028579034025806,1.0,0.029902775249114888,1.0978511518478176,0.3261422678966021,0.29026991173019034,0.08912970732245634,0.47402011315637305,Bash/Shell (all shells),SQLite
frozenset({'SQLite'}),frozenset({'Bash/Shell (all shells)'}),0.30525167523765,0.48290478416705623,0.1773102695963846,0.580865836226261,1.2028579034025806,1.0,0.029902775249114888,1.2337224223795011,0.2427448910624255,0.29026991173019034,0.18944490117048904,0.47402011315637305,SQLite,Bash/Shell (all shells)
frozenset({'C++'}),frozenset({'Bash/Shell (all shells)'}),0.23266323827333646,0.48290478416705623,0.13514103163472027,0.5808439383791024,1.2028125573056345,1.0,0.022786840772726358,1.2336579693809284,0.21974089181387352,0.23283037104655535,0.18940255336589124,0.43034710149883226,C++,Bash/Shell (all shells)
frozenset({'Google Cloud'}),frozenset({'Discord'}),0.1873461118902914,0.3664017453638772,0.08249961040984884,0.44035934120778575,1.201848372120773,1.0,0.013855668026109838,1.1321519347852955,0.20666643793366118,0.17506613756613754,0.11672632508494298,0.3327604804031443,Google Cloud,Discord
frozenset({'Webpack'}),"frozenset({'GitHub (public projects, not private repos)'})",0.1402524544179523,0.6298581891849774,0.10603085553997195,0.756,1.200270176653966,1.0,0.017691698571531925,1.5169746344877977,0.1940735370135407,0.15966583751818653,0.3407931963624116,0.46217041912019396,Webpack,"GitHub (public projects, not private repos)"
frozenset({'Yarn'}),frozenset({'SQL'}),0.16135265700483092,0.5805828268661368,0.112420134019012,0.6967355611357929,1.2000622975650588,1.0,0.018741552292785096,1.383008092556694,0.19878430190144872,0.17858203782552728,0.27693843197160706,0.4451844007096186,Yarn,SQL
frozenset({'Go'}),frozenset({'Reddit'}),0.1625370110643603,0.5059685211157862,0.0986442262739598,0.6069031639501438,1.199487989117923,1.0,0.01640561515914525,1.256767884088378,0.19858901703891724,0.17310216582804636,0.2043081203293397,0.40093217825448546,Go,Reddit
frozenset({'Redis'}),frozenset({'JavaScript'}),0.2279881564594047,0.6544491195262584,0.17896213183730716,0.7849624060150376,1.1994246498234347,1.0,0.029755483580034908,1.6069324161890783,0.21536836211150245,0.2543972353905454,0.37769629268444865,0.5292085103701247,Redis,JavaScript
frozenset({'Medium'}),frozenset({'MySQL'}),0.2757674925977871,0.32971793673055944,0.10896057347670252,0.395117540687161,1.198350155302728,1.0,0.018035084800000337,1.1081195246278048,0.22854451035785006,0.219446362438014,0.09757027308414212,0.36279177913458155,Medium,MySQL
frozenset({'npm'}),frozenset({'Discord'}),0.43338008415147267,0.3664017453638772,0.19027582982702199,0.43905070118662354,1.1982767733559727,1.0,0.03148461058797841,1.1295107347070883,0.292026905393242,0.3121804049907957,0.11466091532160048,0.47917999503019504,npm,Discord
frozenset({'Discord'}),frozenset({'npm'}),0.3664017453638772,0.43338008415147267,0.19027582982702199,0.5193092888737666,1.1982767733559727,1.0,0.03148461058797841,1.1787619413759136,0.26115643366860836,0.3121804049907957,0.1516522845717712,0.47917999503019504,Discord,npm
frozenset({'Discord'}),"frozenset({'GitHub (public projects, not private repos)'})",0.3664017453638772,0.6298581891849774,0.27648433847592335,0.7545933991153454,1.1980369741509158,1.0,0.04570319862681646,1.5082797670507475,0.26089279664256393,0.3841257469472591,0.3369930288494323,0.5967781187273495,Discord,"GitHub (public projects, not private repos)"
"frozenset({'GitHub (public projects, not private repos)'})",frozenset({'Discord'}),0.6298581891849774,0.3664017453638772,0.27648433847592335,0.4389628383393538,1.1980369741509158,1.0,0.04570319862681646,1.1293338444118368,0.44658889044684075,0.3841257469472591,0.1145222425165117,0.5967781187273495,"GitHub (public projects, not private repos)",Discord
frozenset({'Next.js'}),frozenset({'Reddit'}),0.15371669004207575,0.5059685211157862,0.09312762973352033,0.6058394160583941,1.1973855897642955,1.0,0.015351823402117576,1.2533761593914312,0.19478954376782348,0.16437451864891625,0.20215492172314523,0.3949487828105202,Next.js,Reddit
frozenset({'jQuery'}),frozenset({'Stack Exchange'}),0.17269752220663862,0.43721365123889666,0.09038491506934705,0.5233712326294893,1.1970605930223241,1.0,0.014879200825472144,1.1807645431598917,0.19898453576105266,0.17397564340992266,0.15309110034430765,0.36505031548782707,jQuery,Stack Exchange
frozenset({'Make'}),frozenset({'Reddit'}),0.17709209911173446,0.5059685211157862,0.1072463768115942,0.6055966209081309,1.1969057275987054,1.0,0.017643349322739685,1.2526045796609115,0.1999158242070521,0.18625169147496615,0.20166346488154577,0.40877958432372175,Make,Reddit
frozenset({'Hacker News'}),frozenset({'TypeScript'}),0.18447872837774662,0.43182172354682874,0.0953405017921147,0.5168102720054063,1.1968139716559698,1.0,0.015678579346308896,1.1758906357784338,0.2016480290284349,0.18300927310798684,0.14958077769026115,0.3687984958006101,Hacker News,TypeScript
frozenset({'LinkedIn'}),frozenset({'Node.js'}),0.35053763440860214,0.3597631291880941,0.1509116409537167,0.43051480394771946,1.1966618283516053,1.0,0.024801124700685878,1.1242379525404382,0.25304318449767654,0.26977936260307556,0.11050859140602566,0.42499490522258193,LinkedIn,Node.js
frozenset({'Node.js'}),frozenset({'LinkedIn'}),0.3597631291880941,0.35053763440860214,0.1509116409537167,0.4194750064974444,1.1966618283516053,1.0,0.024801124700685878,1.1187500501449792,0.25668941089293074,0.26977936260307556,0.10614529146129686,0.42499490522258193,Node.js,LinkedIn
"frozenset({'GitHub (public projects, not private repos)'})",frozenset({'Reddit'}),0.6298581891849774,0.5059685211157862,0.381299672744273,0.6053738433371271,1.1964654283276903,1.0,0.06261125624968295,1.2518974491249002,0.44362686675726565,0.5053492502788219,0.20121252687349206,0.6794886957230172,"GitHub (public projects, not private repos)",Reddit
frozenset({'Reddit'}),"frozenset({'GitHub (public projects, not private repos)'})",0.5059685211157862,0.6298581891849774,0.381299672744273,0.7536035481089073,1.19646542832769,1.0,0.06261125624968295,1.5022205391927697,0.33237730550812483,0.5053492502788219,0.33431878082471295,0.6794886957230172,Reddit,"GitHub (public projects, not private repos)"
frozenset({'Vite'}),frozenset({'LinkedIn'}),0.1937042231572386,0.35053763440860214,0.08122175471404083,0.41930812550281577,1.1961857568025114,1.0,0.013321134553546443,1.1184285403575884,0.20341101279465393,0.17541733979536886,0.10588833893645476,0.32550717913799987,Vite,LinkedIn
frozenset({'Java'}),frozenset({'PostgreSQL'}),0.2915069347046907,0.4527037556490572,0.15779959482624278,0.5413236394739654,1.1957569000015271,1.0,0.025833310687684824,1.1932078725907616,0.2310673478277173,0.2690938081318097,0.16192306221652514,0.444947534022697,Java,PostgreSQL
frozenset({'MySQL'}),frozenset({'LinkedIn'}),0.32971793673055944,0.35053763440860214,0.13819541841982236,0.4191322431231686,1.195684006455665,1.0,0.022616872856206907,1.1180898886234985,0.2441638214819242,0.25494480220791177,0.10561752666315698,0.40668535335672973,MySQL,LinkedIn
frozenset({'LinkedIn'}),frozenset({'MySQL'}),0.35053763440860214,0.32971793673055944,0.13819541841982236,0.3942384635902908,1.195684006455665,1.0,0.022616872856206907,1.1065114289727578,0.2519909369800491,0.25494480220791177,0.09625876984536783,0.40668535335672973,LinkedIn,MySQL
frozenset({'MongoDB'}),frozenset({'HTML/CSS'}),0.1952937509739754,0.6137447405329594,0.1433068412030544,0.7338014682413023,1.1956134525960889,1.0,0.0234463286838235,1.4510044699163533,0.20331552940712289,0.2152621722846442,0.3108222471170971,0.4836486520568689,MongoDB,HTML/CSS
frozenset({'Terraform'}),frozenset({'SQL'}),0.1355462053919277,0.5805828268661368,0.09406264609630668,0.693952632789147,1.195268961941152,1.0,0.015366846998883313,1.3704322208558761,0.18898432785653166,0.15120998045994288,0.27030320450618867,0.4279834025015093,Terraform,SQL
frozenset({'PHP'}),frozenset({'TypeScript'}),0.18675393486052672,0.43182172354682874,0.09636901979117968,0.5160213618157543,1.1949870367274253,1.0,0.015724613760554854,1.1739738732784146,0.200641411561561,0.18454192778275147,0.1481922871013975,0.36959494651596086,PHP,TypeScript
frozenset({'Hacker News'}),frozenset({'YouTube'}),0.18447872837774662,0.5701106436029297,0.12560386473429952,0.6808582530832911,1.1942563443132186,1.0,0.020430578167812338,1.3470169933902905,0.19945382117494162,0.19969278033794163,0.25761886827937314,0.45058657241962496,Hacker News,YouTube
frozenset({'Yarn'}),frozenset({'Reddit'}),0.16135265700483092,0.5059685211157862,0.09739753779024467,0.6036314467838516,1.1930217426425946,1.0,0.015758172547407676,1.2463942330329312,0.19292055299539182,0.17089576725363667,0.1976856330868639,0.39806433741188396,Yarn,Reddit
frozenset({'Express'}),frozenset({'Reddit'}),0.14676640174536387,0.5059685211157862,0.08857721676796011,0.6035251645784668,1.1928116856905329,1.0,0.014318037527373012,1.246060114657613,0.18944952373823234,0.1570079001160157,0.1974705006308819,0.38929492182354414,Express,Reddit
frozenset({'PowerShell'}),frozenset({'Stack Exchange'}),0.22973352033660588,0.43721365123889666,0.11977559607293127,0.5213675213675214,1.1924776819986402,1.0,0.019332964834598496,1.175821478661591,0.20955070266139728,0.21889952153110048,0.1495307594327366,0.39765980858795236,PowerShell,Stack Exchange
frozenset({'Homebrew'}),"frozenset({'GitHub (public projects, not private repos)'})",0.19607293127629732,0.6298581891849774,0.1471715755025713,0.7505960896518836,1.1916906099500562,1.0,0.02367343406069214,1.4841058838988572,0.20008782811404094,0.21682431811920289,0.32619362887173176,0.49212718035961495,Homebrew,"GitHub (public projects, not private repos)"
frozenset({'HTML/CSS'}),frozenset({'SQL'}),0.6137447405329594,0.5805828268661368,0.42406108773570206,0.6909404834450539,1.1900808144371138,1.0,0.06773143130285286,1.3570757432389147,0.4135113401527009,0.55053815651048,0.26312145436089424,0.7106731620575066,HTML/CSS,SQL
frozenset({'SQL'}),frozenset({'HTML/CSS'}),0.5805828268661368,0.6137447405329594,0.42406108773570206,0.7304058406699593,1.1900808144371138,1.0,0.06773143130285286,1.432728588879338,0.3808163809550733,0.55053815651048,0.30203109803079503,0.7106731620575066,SQL,HTML/CSS
frozenset({'Vite'}),frozenset({'YouTube'}),0.1937042231572386,0.5701106436029297,0.13140096618357489,0.6783588093322607,1.1898722062883,1.0,0.020968126850796062,1.3365494497287602,0.19790952280010468,0.2077768468779262,0.2518047123486974,0.45442104035386266,Vite,YouTube
frozenset({'Microsoft Azure'}),frozenset({'Node.js'}),0.20087268193860058,0.3597631291880941,0.08592800374006546,0.42777346780449965,1.1890419920737565,1.0,0.013661419117429754,1.1188521237480298,0.19895053691157452,0.18101240890289544,0.10622683840460381,0.3333097608449857,Microsoft Azure,Node.js
frozenset({'Python'}),frozenset({'SQLite'}),0.5730403615396603,0.30525167523765,0.20794763908368397,0.36288480365495485,1.188805281322159,1.0,0.03302610874491402,1.0904595099095584,0.3719774308299908,0.3102101543611679,0.0829554046596934,0.5220591059320312,Python,SQLite
frozenset({'SQLite'}),frozenset({'Python'}),0.30525167523765,0.5730403615396603,0.20794763908368397,0.6812334082091076,1.188805281322159,1.0,0.03302610874491402,1.3394114987445762,0.22859983064645117,0.3102101543611679,0.25340345298118233,0.5220591059320312,SQLite,Python
frozenset({'NuGet'}),frozenset({'HTML/CSS'}),0.14452236247467665,0.6137447405329594,0.1053763440860215,0.729135216734958,1.1880105336655051,1.0,0.01667650422779078,1.426007673685245,0.1849921199709211,0.16139965629177008,0.29874150156871826,0.45041465285254906,NuGet,HTML/CSS
frozenset({'Homebrew'}),frozenset({'Reddit'}),0.19607293127629732,0.5059685211157862,0.11784322892317282,0.6010173263392148,1.1878551752860482,1.0,0.0186364978544675,1.2382279018568085,0.19671750975836338,0.20171788305591123,0.19239422847730156,0.4169617862446351,Homebrew,Reddit
frozenset({'SQL'}),frozenset({'npm'}),0.5805828268661368,0.43338008415147267,0.2987688951223313,0.514601674898003,1.1874142207193403,1.0,0.04715586075818501,1.167329771336692,0.3763172157211193,0.41774523902906685,0.14334404505513895,0.6019969899121442,SQL,npm
frozenset({'npm'}),frozenset({'SQL'}),0.43338008415147267,0.5805828268661368,0.2987688951223313,0.6893923049262854,1.18741422071934,1.0,0.04715586075818501,1.350311598153824,0.2785533977975304,0.41774523902906685,0.25943019272942475,0.6019969899121442,npm,SQL
frozenset({'Homebrew'}),frozenset({'Discord'}),0.19607293127629732,0.3664017453638772,0.08530465949820788,0.43506596725480845,1.1874014596266187,1.0,0.013463195259960994,1.1215437872582579,0.19631737521611395,0.17877204441541478,0.10837186085742187,0.33394162602277677,Homebrew,Discord
frozenset({'Reddit'}),frozenset({'LinkedIn'}),0.5059685211157862,0.35053763440860214,0.21040984883902136,0.4158556116791919,1.186336560925302,1.0,0.03304884036187483,1.1118182055268113,0.31793294915215564,0.3256632899179933,0.1005723822212723,0.5080522834780773,Reddit,LinkedIn
frozenset({'LinkedIn'}),frozenset({'Reddit'}),0.35053763440860214,0.5059685211157862,0.21040984883902136,0.6002489552769628,1.1863365609253018,1.0,0.03304884036187483,1.235847874335132,0.24184447533404452,0.3256632899179933,0.19083892057670498,0.5080522834780773,LinkedIn,Reddit
frozenset({'jQuery'}),frozenset({'TypeScript'}),0.17269752220663862,0.43182172354682874,0.08845254791958859,0.5121819166215484,1.1860957628872162,1.0,0.013878006228051173,1.164733936303005,0.18964980718918012,0.1713975117767846,0.14143482143732206,0.35850885798598175,jQuery,TypeScript
frozenset({'npm'}),frozenset({'LinkedIn'}),0.43338008415147267,0.35053763440860214,0.18008415147265078,0.4155339805825243,1.1854190243611888,1.0,0.028168121974392613,1.1112063730218267,0.2760517874217328,0.29823474759987617,0.1000771555326947,0.4646354885574665,npm,LinkedIn
frozenset({'LinkedIn'}),frozenset({'npm'}),0.35053763440860214,0.43338008415147267,0.18008415147265078,0.5137369965324087,1.1854190243611888,1.0,0.028168121974392613,1.1652540123511406,0.24083988364176515,0.29823474759987617,0.141818016157444,0.4646354885574665,LinkedIn,npm
frozenset({'React'}),frozenset({'SQLite'}),0.3301542776998597,0.30525167523765,0.11946392395200249,0.3618427263287077,1.1853914513229105,1.0,0.01868377759724399,1.0886788467762682,0.2334818496342919,0.23154524586202727,0.08145546966293953,0.37660239236590576,React,SQLite
frozenset({'SQLite'}),frozenset({'React'}),0.30525167523765,0.3301542776998597,0.11946392395200249,0.3913620584031039,1.1853914513229105,1.0,0.01868377759724399,1.100565174334436,0.22511291159392588,0.23154524586202727,0.09137593727264048,0.37660239236590576,SQLite,React
frozenset({'C#'}),frozenset({'TypeScript'}),0.2753934860526726,0.43182172354682874,0.14090696587190277,0.5116568583069262,1.1848798483419507,1.0,0.021986076071068145,1.1634816340070038,0.21533420882674742,0.2488167308750688,0.14051071304321047,0.418982525147689,C#,TypeScript
frozenset({'LinkedIn'}),frozenset({'Pip'}),0.35053763440860214,0.31245130123110487,0.12968676951846658,0.3699653240864231,1.1840735584352005,1.0,0.020160829517025525,1.0912870752263286,0.239363945561991,0.24317690374612827,0.083650835145643,0.392513834113037,LinkedIn,Pip
frozenset({'Pip'}),frozenset({'LinkedIn'}),0.31245130123110487,0.35053763440860214,0.12968676951846658,0.41506234413965093,1.1840735584352005,1.0,0.020160829517025525,1.110310405022811,0.2261045284506241,0.24317690374612827,0.0993509603474758,0.392513834113037,Pip,LinkedIn
frozenset({'Webpack'}),frozenset({'Bash/Shell (all shells)'}),0.1402524544179523,0.48290478416705623,0.08016206950288297,0.5715555555555556,1.1835781592874663,1.0,0.01243348827328182,1.2069131074939043,0.18040689163510173,0.1476294340489037,0.17143993731541207,0.3687776486955524,Webpack,Bash/Shell (all shells)
frozenset({'Cloudflare'}),frozenset({'SQL'}),0.15343618513323984,0.5805828268661368,0.10540751129811439,0.6869794840544383,1.1832583608485427,1.0,0.01632509718990209,1.339903142983782,0.18294667241965126,0.16768307799097626,0.2536773980743593,0.4342670664850246,Cloudflare,SQL
frozenset({'Webpack'}),frozenset({'Reddit'}),0.1402524544179523,0.5059685211157862,0.08396446937821411,0.5986666666666667,1.1832093137858817,1.0,0.013001142433503574,1.2309754457247855,0.18010054365268238,0.14933481152993347,0.18763611128635424,0.38230733850765886,Webpack,Reddit
frozenset({'Hacker News'}),frozenset({'Python'}),0.18447872837774662,0.5730403615396603,0.1250428549166277,0.6778171988511572,1.1828437302914923,1.0,0.019329097710666987,1.3252092816186418,0.18954721481050982,0.19770364164982998,0.24540220637560248,0.448013353042461,Hacker News,Python
frozenset({'Stack Exchange'}),frozenset({'Bash/Shell (all shells)'}),0.43721365123889666,0.48290478416705623,0.249680536076048,0.5710721414314229,1.1825771045454503,1.0,0.03854797218963801,1.2055528814533052,0.2743299942973827,0.3724141137092651,0.17050507249877675,0.5440554975906309,Stack Exchange,Bash/Shell (all shells)
frozenset({'Bash/Shell (all shells)'}),frozenset({'Stack Exchange'}),0.48290478416705623,0.43721365123889666,0.249680536076048,0.5170388537498387,1.1825771045454503,1.0,0.03854797218963801,1.165282866190637,0.29857011072435896,0.3724141137092651,0.1418392658007186,0.5440554975906309,Bash/Shell (all shells),Stack Exchange
frozenset({'Pip'}),frozenset({'MySQL'}),0.31245130123110487,0.32971793673055944,0.12173913043478261,0.38962593516209476,1.1816946903937813,1.0,0.018718332064084214,1.0981496460657203,0.2236317630221355,0.23392022996766076,0.08937729608833864,0.37942398941675964,Pip,MySQL
frozenset({'MySQL'}),frozenset({'Pip'}),0.32971793673055944,0.31245130123110487,0.12173913043478261,0.3692220436714245,1.181694690393781,1.0,0.018718332064084214,1.0900011515474513,0.22939257380583597,0.23392022996766076,0.08256977657287652,0.37942398941675964,MySQL,Pip
frozenset({'TypeScript'}),frozenset({'SQLite'}),0.43182172354682874,0.30525167523765,0.15558672276764843,0.36030313966077226,1.180347788035111,1.0,0.023772418250969568,1.0860586753449577,0.2689157286875674,0.2675671329795787,0.07923943457071811,0.4350014779373904,TypeScript,SQLite
frozenset({'SQLite'}),frozenset({'TypeScript'}),0.30525167523765,0.43182172354682874,0.15558672276764843,0.5096998162140085,1.180347788035111,1.0,0.023772418250969568,1.1588375759230236,0.2199243521589141,0.2675671329795787,0.1370662974891093,0.4350014779373904,SQLite,TypeScript
frozenset({'Express'}),frozenset({'SQL'}),0.14676640174536387,0.5805828268661368,0.10057659342371825,0.6852834996814611,1.180337185273764,1.0,0.015366541009423779,1.332682502218193,0.17906522343892323,0.1604674291397315,0.24963372871217052,0.42925867060517114,Express,SQL
frozenset({'Yarn'}),"frozenset({'GitHub (public projects, not private repos)'})",0.16135265700483092,0.6298581891849774,0.11993143213339567,0.7432876183117636,1.1800872499150348,1.0,0.01830213977214812,1.4418541419032147,0.1819656749092234,0.178660971306528,0.3064485713651849,0.4668489157915392,Yarn,"GitHub (public projects, not private repos)"
frozenset({'HTML/CSS'}),frozenset({'SQLite'}),0.6137447405329594,0.30525167523765,0.22085086489013558,0.3598415600243754,1.1788356599328245,1.0,0.03350425467415291,1.0852755839457557,0.3927592759644914,0.3163392857142857,0.07857505062052325,0.5416728731304233,HTML/CSS,SQLite
frozenset({'SQLite'}),frozenset({'HTML/CSS'}),0.30525167523765,0.6137447405329594,0.22085086489013558,0.7235041862364713,1.1788356599328245,1.0,0.03350425467415291,1.3969660307312393,0.21836013220707645,0.3163392857142857,0.28416298034351495,0.5416728731304233,SQLite,HTML/CSS
frozenset({'Medium'}),frozenset({'SQLite'}),0.2757674925977871,0.30525167523765,0.09917406887953872,0.35962929475587707,1.1781402820341347,1.0,0.014995579787977956,1.084915844951866,0.20877914557201094,0.20582147477360935,0.07826952232929502,0.34226104313044003,Medium,SQLite
frozenset({'PowerShell'}),frozenset({'JavaScript'}),0.22973352033660588,0.6544491195262584,0.1770609318996416,0.7707231040564375,1.1776669584556052,1.0,0.026712031789682095,1.5071334556047047,0.19585884023526637,0.2503966854724965,0.33648875202045614,0.5206363401032735,PowerShell,JavaScript
frozenset({'C++'}),frozenset({'SQLite'}),0.23266323827333646,0.30525167523765,0.08362163004519246,0.359410582719357,1.1774237846181916,1.0,0.012600786796039987,1.0845454296007828,0.19637808895737013,0.184069703622393,0.07795471475261624,0.31667690663433645,C++,SQLite
frozenset({'Vite'}),frozenset({'SQL'}),0.1937042231572386,0.5805828268661368,0.13233598254636122,0.6831858407079645,1.1767241625034917,1.0,0.019874637089822636,1.3238586749756012,0.18626312110572782,0.20614652619313492,0.244632362273541,0.4555611402380278,Vite,SQL
frozenset({'Google Cloud'}),frozenset({'Python'}),0.1873461118902914,0.5730403615396603,0.12628954340034285,0.674097487938779,1.1763525454430395,1.0,0.01893265970968061,1.310083913621798,0.18447546700744893,0.19916441386089948,0.23669011610451296,0.44724128176988986,Google Cloud,Python
frozenset({'NuGet'}),frozenset({'JavaScript'}),0.14452236247467665,0.6544491195262584,0.11107994389901824,0.7686003881820143,1.1744234429383715,1.0,0.016497411025611336,1.4933079522430008,0.1736086986317725,0.16147886366725567,0.3303457612356749,0.46916541935055567,NuGet,JavaScript
frozenset({'FastAPI'}),"frozenset({'GitHub (public projects, not private repos)'})",0.10917874396135266,0.6298581891849774,0.08075424653264765,0.7396517270910647,1.1743146946269887,1.0,0.011987120563659776,1.4217179421984911,0.16663220173954382,0.12267411580891056,0.2966256032095666,0.43393096523289937,FastAPI,"GitHub (public projects, not private repos)"
frozenset({'Java'}),frozenset({'Node.js'}),0.2915069347046907,0.3597631291880941,0.12301698613059062,0.42200363519726286,1.1730041267698328,1.0,0.01814353912120166,1.1076832135966992,0.20817152272003114,0.23287509587586286,0.09721481040328006,0.3819712362939446,Java,Node.js
frozenset({'Webpack'}),frozenset({'YouTube'}),0.1402524544179523,0.5701106436029297,0.09378214118747077,0.6686666666666666,1.172871747211896,1.0,0.013822724132361422,1.2974527859066505,0.17143620796121695,0.1521002881261689,0.2292590444428332,0.41658240396530355,Webpack,YouTube
frozenset({'MariaDB'}),frozenset({'Stack Exchange'}),0.18263986286426678,0.43721365123889666,0.09356397070282063,0.5122866894197953,1.17170790062975,1.0,0.013711329398163177,1.1539286227222063,0.1792905778098999,0.17778040980694065,0.13339527219549935,0.36314362985389537,MariaDB,Stack Exchange
frozenset({'Discord'}),frozenset({'Stack Exchange'}),0.3664017453638772,0.43721365123889666,0.18765778401122019,0.5121640013610071,1.1714272871163327,1.0,0.02746193910037495,1.1536384160480437,0.23096737786481628,0.30466022365025547,0.13317727106761448,0.47068850196365153,Discord,Stack Exchange
frozenset({'Stack Exchange'}),frozenset({'Discord'}),0.43721365123889666,0.3664017453638772,0.18765778401122019,0.42921300256629596,1.1714272871163325,1.0,0.02746193910037495,1.1100432516592393,0.260028566462527,0.30466022365025547,0.09913420174822205,0.47068850196365153,Stack Exchange,Discord
frozenset({'MariaDB'}),frozenset({'TypeScript'}),0.18263986286426678,0.43182172354682874,0.09237961664329125,0.50580204778157,1.1713214509615066,1.0,0.01351175627288713,1.1496977555302432,0.17894608193138123,0.17694466002029727,0.13020618228588443,0.35986601847757677,MariaDB,TypeScript
frozenset({'Kubernetes'}),frozenset({'SQL'}),0.2179523141654979,0.5805828268661368,0.14820009350163627,0.6799656799656799,1.1711777346842838,1.0,0.021660722821415124,1.3105381106903953,0.18689222399739283,0.2278826799578261,0.23695465866826484,0.46761328876961256,Kubernetes,SQL
frozenset({'Stack Exchange'}),"frozenset({'GitHub (public projects, not private repos)'})",0.43721365123889666,0.6298581891849774,0.32239364188873304,0.737382378100941,1.1707117423607647,1.0,0.04701104323244937,1.409432497859158,0.2591014635659418,0.4329301469049513,0.29049457741400236,0.6246167667633706,Stack Exchange,"GitHub (public projects, not private repos)"
"frozenset({'GitHub (public projects, not private repos)'})",frozenset({'Stack Exchange'}),0.6298581891849774,0.43721365123889666,0.32239364188873304,0.5118511554258004,1.1707117423607647,1.0,0.04701104323244937,1.1528990696516106,0.39395378305912865,0.4329301469049513,0.13262138349874322,0.6246167667633706,"GitHub (public projects, not private repos)",Stack Exchange
frozenset({'Bash/Shell (all shells)'}),frozenset({'Amazon Web Services (AWS)'}),0.48290478416705623,0.3306841203054387,0.18687860370889825,0.3869885116819414,1.1702663899448718,1.0,0.027189659965327517,1.0918488355430125,0.28136733431553773,0.2981897752138453,0.08412230022421839,0.4760578750681149,Bash/Shell (all shells),Amazon Web Services (AWS)
frozenset({'Amazon Web Services (AWS)'}),frozenset({'Bash/Shell (all shells)'}),0.3306841203054387,0.48290478416705623,0.18687860370889825,0.5651272384542884,1.1702663899448718,1.0,0.027189659965327517,1.1890724403960844,0.2173767377708539,0.2981897752138453,0.1590083446329843,0.4760578750681149,Amazon Web Services (AWS),Bash/Shell (all shells)
frozenset({'SQL'}),frozenset({'Node.js'}),0.5805828268661368,0.3597631291880941,0.2443821100202587,0.4209254885119176,1.170007303032563,1.0,0.035509815474027845,1.105620879714859,0.3464438023469297,0.3511419614867891,0.09553082946669632,0.5501058179802939,SQL,Node.js
frozenset({'Node.js'}),frozenset({'SQL'}),0.3597631291880941,0.5805828268661368,0.2443821100202587,0.6792861474486702,1.170007303032563,1.0,0.035509815474027845,1.307761326170768,0.22695425217518414,0.3511419614867891,0.23533447580371433,0.5501058179802939,Node.js,SQL
frozenset({'Terraform'}),frozenset({'Reddit'}),0.1355462053919277,0.5059685211157862,0.08022440392706873,0.5918601977466085,1.1697569572933308,1.0,0.011642290842058478,1.2104467051647585,0.16787659829194312,0.14292853573213393,0.17385871204970876,0.3752081572692634,Terraform,Reddit
"frozenset({'Slack (public channels, not work)'})",frozenset({'Bash/Shell (all shells)'}),0.1477325853202431,0.48290478416705623,0.08337229234844944,0.5643459915611815,1.168648582628147,1.0,0.012031520119936218,1.186940108013634,0.16932569811494874,0.15234352753573668,0.15749750703637563,0.3684967340018377,"Slack (public channels, not work)",Bash/Shell (all shells)
frozenset({'npm'}),frozenset({'Bash/Shell (all shells)'}),0.43338008415147267,0.48290478416705623,0.24453794608072307,0.56425746134484,1.1684652541144438,1.0,0.035256630081255486,1.1866989562893355,0.254450145498873,0.3640328492553241,0.15732630023803218,0.5353235157505147,npm,Bash/Shell (all shells)
frozenset({'Bash/Shell (all shells)'}),frozenset({'npm'}),0.48290478416705623,0.43338008415147267,0.24453794608072307,0.5063895701561895,1.1684652541144436,1.0,0.035256630081255486,1.1479091234515013,0.27882006179070046,0.3640328492553241,0.12885089980535414,0.5353235157505147,Bash/Shell (all shells),npm
frozenset({'Medium'}),frozenset({'Discord'}),0.2757674925977871,0.3664017453638772,0.1180302321957301,0.4280063291139241,1.1681339800629682,1.0,0.01698854159328081,1.10770151294614,0.19873978788211202,0.22518879705060355,0.09722972451277756,0.37506985390708114,Medium,Discord
frozenset({'Elasticsearch'}),frozenset({'JavaScript'}),0.13545270375564905,0.6544491195262584,0.10341280972417018,0.7634606534744593,1.166569914597963,1.0,0.01476590701383454,1.4608600452712854,0.16515701851068,0.15064015254698992,0.31547172965888226,0.460737851263375,Elasticsearch,JavaScript
frozenset({'TypeScript'}),frozenset({'SQL'}),0.43182172354682874,0.5805828268661368,0.29237961664329126,0.6770840851678095,1.1662144552613898,1.0,0.04167133968426601,1.2988433021389527,0.25084517128639067,0.40606873863734744,0.2300841846332145,0.5903404106320044,TypeScript,SQL
frozenset({'SQL'}),frozenset({'TypeScript'}),0.5805828268661368,0.43182172354682874,0.29237961664329126,0.5035967360961993,1.1662144552613896,1.0,0.04167133968426601,1.1445901301794825,0.33981626458727077,0.40606873863734744,0.12632480952531833,0.5903404106320044,SQL,TypeScript
frozenset({'TypeScript'}),frozenset({'Discord'}),0.43182172354682874,0.3664017453638772,0.18441639395356085,0.42706604114038255,1.1655677041501509,1.0,0.026196160759965142,1.1058835749538274,0.2500077641975654,0.30044683659997967,0.0957456800624317,0.4651917480285104,TypeScript,Discord
frozenset({'Discord'}),frozenset({'TypeScript'}),0.3664017453638772,0.43182172354682874,0.18441639395356085,0.5033174549166383,1.1655677041501507,1.0,0.026196160759965142,1.1439465350202913,0.22419408437806176,0.30044683659997967,0.1258332715853175,0.4651917480285104,Discord,TypeScript
frozenset({'Google Cloud'}),frozenset({'SQL'}),0.1873461118902914,0.5805828268661368,0.12672588436964313,0.6764265513225753,1.1650819142787647,1.0,0.017955949125998183,1.2962039217005923,0.17435620914872393,0.19763768045496527,0.22851645234337742,0.44735005899819985,Google Cloud,SQL
frozenset({'Java'}),frozenset({'npm'}),0.2915069347046907,0.43338008415147267,0.1471715755025713,0.5048647492783064,1.1649468162958978,1.0,0.020838275609514595,1.1443740170441106,0.19984911753348936,0.2547475183426845,0.12615981741443674,0.422227412395356,Java,npm
frozenset({'Java'}),frozenset({'Pip'}),0.2915069347046907,0.31245130123110487,0.1060931899641577,0.36394739655725433,1.1648131888817461,1.0,0.015011468897786373,1.0809620069903305,0.19971012304411292,0.21309628145736823,0.07489810600813715,0.351749259375884,Java,Pip
frozenset({'Express'}),"frozenset({'GitHub (public projects, not private repos)'})",0.14676640174536387,0.6298581891849774,0.10755804893252299,0.7328519855595669,1.1635190240327926,1.0,0.0151160288959932,1.3855308323751527,0.16471261008887736,0.1607583733171845,0.27825496435489255,0.4518087430395687,Express,"GitHub (public projects, not private repos)"
frozenset({'PowerShell'}),frozenset({'MySQL'}),0.22973352033660588,0.32971793673055944,0.08810970858656693,0.3835300501967169,1.1632065091749373,1.0,0.012362446263333216,1.0872907324733818,0.18215439455814558,0.186933809429346,0.0802827890152358,0.3253787882139648,PowerShell,MySQL
frozenset({'MongoDB'}),frozenset({'SQL'}),0.1952937509739754,0.5805828268661368,0.1318061399407823,0.6749122247047558,1.1624736273165175,1.0,0.018421941931020314,1.2901659336557614,0.17368503223382828,0.20464553593031695,0.2249059024784193,0.4509680298958608,MongoDB,SQL
frozenset({'Kubernetes'}),frozenset({'MySQL'}),0.2179523141654979,0.32971793673055944,0.08349696119682094,0.38309738309738306,1.1618942751374928,1.0,0.011634173864522299,1.0865281568018539,0.17816879571865354,0.17988316658833006,0.07963728897421816,0.31816746458962164,Kubernetes,MySQL
frozenset({'SQL'}),frozenset({'JavaScript'}),0.5805828268661368,0.6544491195262584,0.4412653888109709,0.7600386514923771,1.1613410864431337,1.0,0.06130346895636152,1.440027248649857,0.3312371027542821,0.5559133029684309,0.30556869605239656,0.7171466712076611,SQL,JavaScript
frozenset({'JavaScript'}),frozenset({'SQL'}),0.6544491195262584,0.5805828268661368,0.4412653888109709,0.6742546909229451,1.1613410864431337,1.0,0.06130346895636152,1.2875616668808276,0.4020436269292301,0.5559133029684309,0.22333817033980036,0.7171466712076611,JavaScript,SQL
frozenset({'FastAPI'}),frozenset({'JavaScript'}),0.10917874396135266,0.6544491195262584,0.08290478416705625,0.7593491293177276,1.1602874947213682,1.0,0.011452851310566212,1.4359012269270657,0.15507559571379642,0.12178929536193397,0.30357326726429956,0.4430139303127356,FastAPI,JavaScript
frozenset({'Node.js'}),frozenset({'YouTube'}),0.3597631291880941,0.5701106436029297,0.2377746610565685,0.6609200381183402,1.1592838083876529,1.0,0.03266987193054022,1.2678111499467,0.2146056637696739,0.34355579573088363,0.211238992461897,0.5389938043204865,Node.js,YouTube
frozenset({'YouTube'}),frozenset({'Node.js'}),0.5701106436029297,0.3597631291880941,0.2377746610565685,0.4170675705226328,1.1592838083876527,1.0,0.03266987193054022,1.0983037457461673,0.31961353912539997,0.34355579573088363,0.08950506280881484,0.5389938043204865,YouTube,Node.js
frozenset({'LinkedIn'}),"frozenset({'GitHub (public projects, not private repos)'})",0.35053763440860214,0.6298581891849774,0.25591397849462366,0.7300613496932515,1.1590884459848572,1.0,0.0351249788448359,1.3712071627920157,0.21133336720809845,0.3532372553237256,0.27071559488952307,0.568182735809563,LinkedIn,"GitHub (public projects, not private repos)"
"frozenset({'GitHub (public projects, not private repos)'})",frozenset({'LinkedIn'}),0.6298581891849774,0.35053763440860214,0.25591397849462366,0.4063041219258746,1.1590884459848572,1.0,0.0351249788448359,1.093931067364274,0.370812117369683,0.3532372553237256,0.08586561819712485,0.568182735809563,"GitHub (public projects, not private repos)",LinkedIn
frozenset({'Amazon Web Services (AWS)'}),frozenset({'SQL'}),0.3306841203054387,0.5805828268661368,0.22234689107059374,0.6723845428840716,1.1581199301285934,1.0,0.030357369703920473,1.2802117971663658,0.20398674566007835,0.32274701411509227,0.218879249344983,0.5276782065934208,Amazon Web Services (AWS),SQL
frozenset({'SQL'}),frozenset({'Amazon Web Services (AWS)'}),0.5805828268661368,0.3306841203054387,0.22234689107059374,0.38297187030277,1.1581199301285934,1.0,0.030357369703920473,1.0847412743127098,0.3255268903210361,0.32274701411509227,0.07812118550241562,0.5276782065934208,SQL,Amazon Web Services (AWS)
frozenset({'Go'}),"frozenset({'GitHub (public projects, not private repos)'})",0.1625370110643603,0.6298581891849774,0.11856007480130902,0.7294343240651965,1.1580929431259255,1.0,0.01618480733677241,1.368029442523276,0.16300594598677198,0.1759481961147086,0.26902158029907625,0.4588336447878063,Go,"GitHub (public projects, not private repos)"
frozenset({'Java'}),frozenset({'SQL'}),0.2915069347046907,0.5805828268661368,0.19594826242792582,0.6721907409387362,1.1577861242763234,1.0,0.026704342225994132,1.279454931611553,0.19235561338218576,0.28980363234073936,0.21841717492898502,0.5048467125350756,Java,SQL
frozenset({'Google Cloud'}),frozenset({'Reddit'}),0.1873461118902914,0.5059685211157862,0.10970858656693158,0.5855930793545168,1.1573705772508114,1.0,0.014917351397008241,1.1921409954126896,0.16731908571408655,0.18798397863818425,0.16117304593335885,0.4012109785093392,Google Cloud,Reddit
frozenset({'SQLite'}),"frozenset({'GitHub (public projects, not private repos)'})",0.30525167523765,0.6298581891849774,0.2222222222222222,0.7279967326934857,1.1558105382983073,1.0,0.029956954811355185,1.3607991348056798,0.19403615934908663,0.3117212433873999,0.2651376868028369,0.540404917883187,SQLite,"GitHub (public projects, not private repos)"
"frozenset({'GitHub (public projects, not private repos)'})",frozenset({'SQLite'}),0.6298581891849774,0.30525167523765,0.2222222222222222,0.3528131030728883,1.1558105382983073,1.0,0.029956954811355185,1.0734894789450518,0.364201753793406,0.3117212433873999,0.06845849948829667,0.540404917883187,"GitHub (public projects, not private repos)",SQLite
frozenset({'MySQL'}),frozenset({'Docker'}),0.32971793673055944,0.5427146641732897,0.20679445223624746,0.6271859343983364,1.1556458223838868,1.0,0.02785169293161191,1.2265774766000934,0.20093478057787412,0.3106709743877885,0.18472333050508596,0.504111545273021,MySQL,Docker
frozenset({'Docker'}),frozenset({'MySQL'}),0.5427146641732897,0.32971793673055944,0.20679445223624746,0.38103715614770567,1.1556458223838866,1.0,0.02785169293161191,1.0829116318158072,0.2945272213132335,0.3106709743877885,0.07656361736255635,0.504111545273021,Docker,MySQL
"frozenset({'GitHub (public projects, not private repos)'})",frozenset({'npm'}),0.6298581891849774,0.43338008415147267,0.3152563503194639,0.5005195704883962,1.1549205623243577,1.0,0.042288355286984214,1.134418652603813,0.36240051466072115,0.42147589482895115,0.11849122217382799,0.6139778722632561,"GitHub (public projects, not private repos)",npm
frozenset({'npm'}),"frozenset({'GitHub (public projects, not private repos)'})",0.43338008415147267,0.6298581891849774,0.3152563503194639,0.7274361740381158,1.1549205623243577,1.0,0.042288355286984214,1.3580004958793903,0.23673644181027087,0.42147589482895115,0.26362324385423924,0.6139778722632561,npm,"GitHub (public projects, not private repos)"
frozenset({'Medium'}),frozenset({'Stack Overflow'}),0.2757674925977871,0.7923952002493377,0.25223624746766404,0.9146699819168176,1.1543103512350963,1.0,0.03371940994838277,2.4329632691309464,0.18458417092716048,0.30914091447343295,0.5889785872693427,0.6164956265782955,Medium,Stack Overflow
frozenset({'Pip'}),frozenset({'TypeScript'}),0.31245130123110487,0.43182172354682874,0.15574255882811283,0.49845386533665836,1.154304746974138,1.0,0.020819299406047764,1.132853464885251,0.19442644734619574,0.26462956098077633,0.11727330056646644,0.42955894277298456,Pip,TypeScript
frozenset({'TypeScript'}),frozenset({'Pip'}),0.43182172354682874,0.31245130123110487,0.15574255882811283,0.3606640202093107,1.154304746974138,1.0,0.020819299406047764,1.0754106142970246,0.23527413211503445,0.26462956098077633,0.07012262413489276,0.42955894277298456,TypeScript,Pip
frozenset({'C#'}),frozenset({'SQLite'}),0.2753934860526726,0.30525167523765,0.09699236403303725,0.35219556360344045,1.1537874880760044,1.0,0.012928041065922533,1.0724661421383865,0.1839470995850112,0.20054130686944194,0.06756963160990473,0.3349705610543239,C#,SQLite
frozenset({'Java'}),frozenset({'Bash/Shell (all shells)'}),0.2915069347046907,0.48290478416705623,0.1623811750038959,0.5570405217577248,1.1535204040658706,1.0,0.021611081617127076,1.1673646038343044,0.18784741372642844,0.2653154758873555,0.1433696064490748,0.4466498594331415,Java,Bash/Shell (all shells)
frozenset({'Reddit'}),frozenset({'Node.js'}),0.5059685211157862,0.3597631291880941,0.20981767180925667,0.41468522853270917,1.1526618346592719,1.0,0.02778885338196918,1.0938334414607958,0.2680858805708976,0.3198859586600143,0.08578403064316882,0.49894791618093487,Reddit,Node.js
frozenset({'Node.js'}),frozenset({'Reddit'}),0.3597631291880941,0.5059685211157862,0.20981767180925667,0.5832106038291606,1.1526618346592719,1.0,0.02778885338196918,1.185326410467778,0.2068654119817592,0.3198859586600143,0.15635052828582535,0.49894791618093487,Node.js,Reddit
frozenset({'JavaScript'}),frozenset({'SQLite'}),0.6544491195262584,0.30525167523765,0.23020102851799906,0.35174778550338126,1.1523205736038378,1.0,0.030429338424803637,1.0717253396532342,0.38253682302130937,0.31556011279159185,0.06692511317913001,0.552941485155203,JavaScript,SQLite
frozenset({'SQLite'}),frozenset({'JavaScript'}),0.30525167523765,0.6544491195262584,0.23020102851799906,0.7541351848070247,1.1523205736038378,1.0,0.030429338424803637,1.4054507156809903,0.19026449045970373,0.31556011279159185,0.28848447772466734,0.552941485155203,SQLite,JavaScript
frozenset({'Terraform'}),"frozenset({'GitHub (public projects, not private repos)'})",0.1355462053919277,0.6298581891849774,0.09836372136512389,0.7256840653023684,1.152138811184447,1.0,0.012988833886069306,1.3493266850247558,0.15275429378865676,0.1474628539388842,0.2588896291029379,0.4409260546215934,Terraform,"GitHub (public projects, not private repos)"
frozenset({'npm'}),frozenset({'Reddit'}),0.43338008415147267,0.5059685211157862,0.25217391304347825,0.5818770226537217,1.1500261347692904,1.0,0.03289723278432266,1.1815458744212235,0.23023289536962588,0.36697206095791,0.15365114326191787,0.5401377228582148,npm,Reddit
frozenset({'Reddit'}),frozenset({'npm'}),0.5059685211157862,0.43338008415147267,0.25217391304347825,0.49839842306270793,1.1500261347692904,1.0,0.03289723278432266,1.1296214802756959,0.2640611972632514,0.36697206095791,0.11474771198938302,0.5401377228582148,Reddit,npm
